"code","catergory","crackersname","rate","unit",,
2,"Sparkles","Gold Sparkles 9 cm",870,"100 boxes",,
27,"Sparkles","crackling Sparkles 9 cm",980," 100 boxes",,
5,"Sparkles","jimmy gold Sparkles 12cm",195," 10 boxes",,
29,"Sparkles","jimmy crackling Sparkles  12cm",230," 10 boxes",,
7,"Sparkles","Gold Sparkles 15cm",340," 10 boxes",,
30,"Sparkles","Crackling Sparkles 15 cm",410," 10 boxes",,
8,"Sparkles","Gold Sparkles  30cm ",340," 10 boxes",,
31,"Sparkles","Crackling Sparkles 30 cm",410," 10 boxes",,
34,"Sparkles","Green colour Sparkles",205," 10 boxes",,
35,"Sparkles","Red colour Sparkles",215," 10 boxes",,
37,"Sparkles","4 colour Sparkles",205," 10 boxes",,
9,"Sparkles","Gold Sparkles 50cm",940," 10 boxes",,
32,"Sparkles","Crackling  Sparkles 50 cm",1150," 10 boxes",,
,,,,,,
51,"ONE SOUND/2 SOUND CRACKERS","Sparrow crackers 6.5 cm",600,"100 Pkts",,
53,"ONE SOUND/2 SOUND CRACKERS","Lakshmi  crackers 9 cm",1000,"100 Pkts",,
54,"ONE SOUND/2 SOUND CRACKERS","Krishna crackers 10 cm",1500,"100 Pkts",,
55,"ONE SOUND/2 SOUND CRACKERS","Lakshmi crackers 10 cm",1500,"100 Pkts",,
56,"ONE SOUND/2 SOUND CRACKERS","Jumbo crackers 10cm",2000,"100 Pkts",,
74,"ONE SOUND/2 SOUND CRACKERS","2 sound crackers 9 cm",1500,"100 Pkts",,
,,,,,,
76,"ATOM BOMBS","ATOM BOMBS",440," 10 boxes",,
77,"ATOM BOMBS","CAKE BOMB GREEN",360," 10 boxes",,
80,"ATOM BOMBS","Hydrogen bomb green",395," 10 boxes",,
81,"ATOM BOMBS","Hydrogen bomb foils",480," 10 boxes",,
91,"ATOM BOMBS","Thunder bombs green",610," 10 boxes",,
94,"ATOM BOMBS","Thunder bombs Foils",710," 10 boxes",,
,,,,,,
102,"ELECTRIC CRACKERS","Red fort Med 28 shells",130,"10 Pkts",,
103,"ELECTRIC CRACKERS","Red fort Med 56 shells",260,"10 Pkts",,
121,"ELECTRIC CRACKERS","Red fort Giant 28 shells",175,"10 Pkts",,
122,"ELECTRIC CRACKERS","Red fort Giant 56 shells",350,"10 Pkts",,
131,"ELECTRIC CRACKERS","Red fort Asoka 24 shells",275,"10 Pkts",,
132,"ELECTRIC CRACKERS","Red fort Asoka 48 shells",550,"10 Pkts",,
133,"ELECTRIC CRACKERS","Red fort Deluxe 24 shells",375,"10 Pkts",,
134,"ELECTRIC CRACKERS","Red fort Deluxe 48 shells",750,"10 Pkts",,
257,"ELECTRIC CRACKERS","Bullet Lar 100 Shells",420,"10 Box",,
258,"ELECTRIC CRACKERS","Bullet Lar 200 Shells",840,"10 Box",,
259,"ELECTRIC CRACKERS","Bullet Lar 300 Shells",1200,"10 Box",,
260,"ELECTRIC CRACKERS","Bullet Lar 600 Shells",2400,"10 Box",,
261,"ELECTRIC CRACKERS","Bullet Lar 1000 Shells",405,"1 Box",,
262,"ELECTRIC CRACKERS","Bullet Lar 2000 Shells",790,"1 Box",,
263,"ELECTRIC CRACKERS","Bullet Lar 3000 Shells",1200,"1 Box",,
265,"ELECTRIC CRACKERS","Bullet Lar 5000 Shells",1950,"1 Box",,
266,"ELECTRIC CRACKERS","Bullet Lar 10000 Shells",3800,"1 Box",,
161,"ELECTRIC CRACKERS","Bijili crackers Pop corn",335,"10 Bags",,
162,"ELECTRIC CRACKERS","Bijili crackers Stripped",390,"10 Bags",,
,,,,,,
176,"FLOWER POTS","FLOWER POTS Small",410,"10 Boxes",,
177,"FLOWER POTS","FLOWER POTS Big",640,"10 Boxes",,
178,"FLOWER POTS","FLOWER POTS special",930,"10 Boxes",,
180,"FLOWER POTS","FLOWER POTS Deluxe",1250,"10 Boxes",,
179,"FLOWER POTS","FLOWER POTS Giant",1900,"10 Boxes",,
190,"FLOWER POTS","Tri Folour Fountain",1900,"10 Boxes",,
,,,,,,
211,"CHAKKARS","Wire chakkars Big (10pcs)",300,"10 Boxes",,
202,"CHAKKARS","Wire chakkars Asoka (10pcs)",600,"10 Boxes",,
115,"CHAKKARS","Zamin chakkars Big (10pcs)",265,"10 Boxes",,
208,"CHAKKARS","Zamin chakkars Big (25pcs)",610,"10 Boxes",,
209,"CHAKKARS","Zamin chakkars Asoka",550,"10 Boxes",,
207,"CHAKKARS","Zamin chakkars Deluxe",960,"10 Boxes",,
,,,,,,
,,,,,,
229,"Novel Fire Works","Silver Twinklings 60 cm",360,"10 Boxes",,
230,"Novel Fire Works","Silver Twinklings Deluxe 120 cm",730,"10 Boxes",,
239,"Novel Fire Works","Fire pencils",320,"10 Boxes",,
231,"Novel Fire Works","Magnetic torches",340,"10 Boxes",,
234,"Novel Fire Works","Multi colour candles",650,"10 Boxes",,
235,"Novel Fire Works","Electric stones (25 pcs)",450,"10 Boxes",,
,,,,,,
276,"ROCKETS","Surveyor Rockets",320,"10 Boxes",,
278,"ROCKETS","Bomb Rockets",570,"10 Boxes",,
283,"ROCKETS","rainbow Rockets",600,"10 Boxes",,
279,"ROCKETS","Rohini Rockets",1100,"10 Boxes",,
285,"ROCKETS","Parachute Rockets (5 pcs)",212,"1 Bag",,
327,"ROCKETS","Lunar Rockets (10 pcs)",216,"1 Box",,
281,"ROCKETS","Silver Jet Rocket (10 pcs)",120,"1 Box",,
,,,,,,
443,"GIFT BOXES","Prize (16 items)",230,"1 Box","/images/giftbixes/1.jpg","<table cellspacing=""0"" cellpadding=""5"" bordercolor=""#e8ce7b"" border=""1"" align=""center"" width=""600"" style=""border-collapse: collapse;"">
 
 
 
 
 
 
 
 
 
 
 <tbody>
  
  
  
  
  
  
  
  
  
  
  <tr>
   
   
   
   
   
   
   
   
   
   
   <td width=""51"" class=""head"">S.No </td>
   
   
   
   
   
   
   
   
   
   
   <td width=""395"" class=""head"">Items</td>
   
   
   
   
   
   
   
   
   
   
   <td width=""124"" class=""head"">Qty</td>
  
  
  
  
  
  
  
  
  
  
  </tr>
  
  
  
  
  
  
  
  
  
  
  <tr>
   
   
   
   
   
   
   
   
   
   
   <td align=""center"">1</td>
   
   
   
   
   
   
   
   
   
   
   <td>Bobby Gold Sparklers-7 cm</td>
   
   
   
   
   
   
   
   
   
   
   <td>10 Pcs</td>
  
  
  
  
  
  
  
  
  
  
  </tr>
  
  
  
  
  
  
  
  
  
  
  <tr>
   
   
   
   
   
   
   
   
   
   
   <td align=""center"">2</td>
   
   
   
   
   
   
   
   
   
   
   <td>Toy Bomb</td>
   
   
   
   
   
   
   
   
   
   
   <td>1 Pce</td>
  
  
  
  
  
  
  
  
  
  
  </tr>
  
  
  
  
  
  
  
  
  
  
  <tr>
   
   
   
   
   
   
   
   
   
   
   <td align=""center"">3</td>
   
   
   
   
   
   
   
   
   
   
   <td>Red &amp; Green Chakkars</td>
   
   
   
   
   
   
   
   
   
   
   <td>5 Pcs</td>
  
  
  
  
  
  
  
  
  
  
  </tr>
  
  
  
  
  
  
  
  
  
  
  <tr>
   
   
   
   
   
   
   
   
   
   
   <td align=""center"">4</td>
   
   
   
   
   
   
   
   
   
   
   <td>Bijili Crackers Stripped</td>
   
   
   
   
   
   
   
   
   
   
   <td>50 Pcs</td>
  
  
  
  
  
  
  
  
  
  
  </tr>
  
  
  
  
  
  
  
  
  
  
  <tr>
   
   
   
   
   
   
   
   
   
   
   <td align=""center"">5</td>
   
   
   
   
   
   
   
   
   
   
   <td>1000/5 Sparrow-6.5 cm</td>
   
   
   
   
   
   
   
   
   
   
   <td>5 Pcs</td>
  
  
  
  
  
  
  
  
  
  
  </tr>
  
  
  
  
  
  
  
  
  
  
  <tr>
   
   
   
   
   
   
   
   
   
   
   <td align=""center"">6</td>
   
   
   
   
   
   
   
   
   
   
   <td>Twinkling Star-45 cm</td>
   
   
   
   
   
   
   
   
   
   
   <td>5 Pcs</td>
  
  
  
  
  
  
  
  
  
  
  </tr>
  
  
  
  
  
  
  
  
  
  
  <tr>
   
   
   
   
   
   
   
   
   
   
   <td align=""center"">7</td>
   
   
   
   
   
   
   
   
   
   
   <td>Jet Fountain</td>
   
   
   
   
   
   
   
   
   
   
   <td>5 Pcs</td>
  
  
  
  
  
  
  
  
  
  
  </tr>
  
  
  
  
  
  
  
  
  
  
  <tr>
   
   
   
   
   
   
   
   
   
   
   <td align=""center"">8</td>
   
   
   
   
   
   
   
   
   
   
   <td>Assorted Cartoons</td>
   
   
   
   
   
   
   
   
   
   
   <td>2 Pcs</td>
  
  
  
  
  
  
  
  
  
  
  </tr>
  
  
  
  
  
  
  
  
  
  
  <tr>
   
   
   
   
   
   
   
   
   
   
   <td align=""center"">9</td>
   
   
   
   
   
   
   
   
   
   
   <td>Disco Flash</td>
   
   
   
   
   
   
   
   
   
   
   <td>2 Pcs</td>
  
  
  
  
  
  
  
  
  
  
  </tr>
  
  
  
  
  
  
  
  
  
  
  <tr>
   
   
   
   
   
   
   
   
   
   
   <td align=""center"">10</td>
   
   
   
   
   
   
   
   
   
   
   <td>Mini Fountain &ndash; Red</td>
   
   
   
   
   
   
   
   
   
   
   <td>2 Pcs</td>
  
  
  
  
  
  
  
  
  
  
  </tr>
  
  
  
  
  
  
  
  
  
  
  <tr>
   
   
   
   
   
   
   
   
   
   
   <td align=""center"">11</td>
   
   
   
   
   
   
   
   
   
   
   <td>Mini Fountain - Gold</td>
   
   
   
   
   
   
   
   
   
   
   <td>2 Pcs</td>
  
  
  
  
  
  
  
  
  
  
  </tr>
  
  
  
  
  
  
  
  
  
  
  <tr>
   
   
   
   
   
   
   
   
   
   
   <td align=""center"">12</td>
   
   
   
   
   
   
   
   
   
   
   <td>Mini Fountain - Silver</td>
   
   
   
   
   
   
   
   
   
   
   <td>2 Pcs</td>
  
  
  
  
  
  
  
  
  
  
  </tr>
  
  
  
  
  
  
  
  
  
  
  <tr>
   
   
   
   
   
   
   
   
   
   
   <td align=""center"">13</td>
   
   
   
   
   
   
   
   
   
   
   <td>Colour smoke Fountain</td>
   
   
   
   
   
   
   
   
   
   
   <td>1 Pce</td>
  
  
  
  
  
  
  
  
  
  
  </tr>
  
  
  
  
  
  
  
  
  
  
  <tr>
   
   
   
   
   
   
   
   
   
   
   <td align=""center"">14</td>
   
   
   
   
   
   
   
   
   
   
   <td>Color Changing Butterfly</td>
   
   
   
   
   
   
   
   
   
   
   <td>1 Pce</td>
  
  
  
  
  
  
  
  
  
  
  </tr>
  
  
  
  
  
  
  
  
  
  
  <tr>
   
   
   
   
   
   
   
   
   
   
   <td align=""center"">15</td>
   
   
   
   
   
   
   
   
   
   
   <td>30’s Bullet Fire Crackers</td>
   
   
   
   
   
   
   
   
   
   
   <td>1 Saram</td>
  
  
  
  
  
  
  
  
  
  
  </tr>
  
  
  
  
  
  
  
  
  
  
  <tr>
   
   
   
   
   
   
   
   
   
   
   <td align=""center"">16</td>
   
   
   
   
   
   
   
   
   
   
   <td>Butterfly Red &amp; Silver</td>
   
   
   
   
   
   
   
   
   
   
   <td>1 Pce</td>
  
  
  
  
  
  
  
  
  
  
  </tr>
 
 
 
 
 
 
 
 
 
 
 </tbody>










</table>"
501,"GIFT BOXES","Gods gift (18ms)",285,"1 Box","/images/giftbixes/3.jpg","<table cellspacing=""0"" cellpadding=""5"" bordercolor=""#e8ce7b"" border=""1"" align=""center"" width=""600"" style=""border-collapse: collapse;"">
 
 
 
 <tbody>
  
  
  
  <tr>
   
   
   
   <td width=""51"" class=""head"">S.No </td>
   
   
   
   <td width=""395"" class=""head"">Items</td>
   
   
   
   <td width=""124"" class=""head"">Qty</td>
  
  
  
  </tr>
  
  
  
  <tr>
   
   
   
   <td>1</td>
   
   
   
   <td>Bobby Gold Sparklers-7 cm</td>
   
   
   
   <td>10 Pcs</td>
  
  
  
  </tr>
  
  
  
  <tr>
   
   
   
   <td>2</td>
   
   
   
   <td>Bobby Crackling Sparklers-7 cm</td>
   
   
   
   <td>10Pcs</td>
  
  
  
  </tr>
  
  
  
  <tr>
   
   
   
   <td>3</td>
   
   
   
   <td>Fire Pencil</td>
   
   
   
   <td>5 Pcs</td>
  
  
  
  </tr>
  
  
  
  <tr>
   
   
   
   <td>4</td>
   
   
   
   <td>Jet Fountains</td>
   
   
   
   <td>5 Pcs</td>
  
  
  
  </tr>
  
  
  
  <tr>
   
   
   
   <td>5</td>
   
   
   
   <td>500/5 Hitler-10 cm</td>
   
   
   
   <td>5 Pcs</td>
  
  
  
  </tr>
  
  
  
  <tr>
   
   
   
   <td>6</td>
   
   
   
   <td>30’s Bullet Fire Crackers</td>
   
   
   
   <td>1 Saram</td>
  
  
  
  </tr>
  
  
  
  <tr>
   
   
   
   <td>7</td>
   
   
   
   <td>1000/5 Sparrow-6.5 cm</td>
   
   
   
   <td>5 Pcs</td>
  
  
  
  </tr>
  
  
  
  <tr>
   
   
   
   <td>8</td>
   
   
   
   <td>Disco Flash</td>
   
   
   
   <td>2 Pcs</td>
  
  
  
  </tr>
  
  
  
  <tr>
   
   
   
   <td>9</td>
   
   
   
   <td>Mini Fountain &ndash; Red</td>
   
   
   
   <td>2 Pcs</td>
  
  
  
  </tr>
  
  
  
  <tr>
   
   
   
   <td>10</td>
   
   
   
   <td>Mini Fountain - Gold</td>
   
   
   
   <td>2 Pcs</td>
  
  
  
  </tr>
  
  
  
  <tr>
   
   
   
   <td>11</td>
   
   
   
   <td>Assorted Cartoons</td>
   
   
   
   <td>5 Pcs</td>
  
  
  
  </tr>
  
  
  
  <tr>
   
   
   
   <td>12</td>
   
   
   
   <td>Color Smoke Fountain</td>
   
   
   
   <td>1 Pce</td>
  
  
  
  </tr>
  
  
  
  <tr>
   
   
   
   <td>13</td>
   
   
   
   <td>Hydrogen Bomb Green</td>
   
   
   
   <td>5 Pcs</td>
  
  
  
  </tr>
  
  
  
  <tr>
   
   
   
   <td>14</td>
   
   
   
   <td>Twinkling Star</td>
   
   
   
   <td>5 Pcs</td>
  
  
  
  </tr>
  
  
  
  <tr>
   
   
   
   <td>15</td>
   
   
   
   <td>Color Changing Butterfly</td>
   
   
   
   <td>1 Pce</td>
  
  
  
  </tr>
  
  
  
  <tr>
   
   
   
   <td>16</td>
   
   
   
   <td>Bijili Crackers Stripped</td>
   
   
   
   <td>50 Pcs</td>
  
  
  
  </tr>
  
  
  
  <tr>
   
   
   
   <td>17</td>
   
   
   
   <td>Butterfly Red &amp; Silver</td>
   
   
   
   <td>1 Pce</td>
  
  
  
  </tr>
  
  
  
  <tr>
   
   
   
   <td>18</td>
   
   
   
   <td>Red &amp; Green Chakkars</td>
   
   
   
   <td>10 Pcs</td>
  
  
  
  </tr>
 
 
 
 </tbody>



</table>"
492,"GIFT BOXES","Super (23 items)",330,"1 Box","/images/giftbixes/5.jpg","<table cellspacing=""0"" cellpadding=""5"" bordercolor=""#e8ce7b"" border=""1"" align=""center"" width=""600"" style=""border-collapse: collapse;"">
 
 
 
 <tbody>
  
  
  
  <tr>
   
   
   
   <td width=""51"" class=""head"">S.No </td>
   
   
   
   <td width=""395"" class=""head"">Items</td>
   
   
   
   <td width=""124"" class=""head"">Qty</td>
  
  
  
  </tr>
  
  
  
  <tr>
   
   
   
   <td>1</td>
   
   
   
   <td>Bobby Gold Sparklers-7 cm</td>
   
   
   
   <td>10 Pcs</td>
  
  
  
  </tr>
  
  
  
  <tr>
   
   
   
   <td>2</td>
   
   
   
   <td>Bobby Crackling Sparklers-7 cm</td>
   
   
   
   <td>10Pcs</td>
  
  
  
  </tr>
  
  
  
  <tr>
   
   
   
   <td>3</td>
   
   
   
   <td>Chavi Gold Sparklers &ndash; 9 cm</td>
   
   
   
   <td>10 Pcs</td>
  
  
  
  </tr>
  
  
  
  <tr>
   
   
   
   <td>4</td>
   
   
   
   <td>Jet Fountains</td>
   
   
   
   <td>5 Pcs</td>
  
  
  
  </tr>
  
  
  
  <tr>
   
   
   
   <td> 5</td>
   
   
   
   <td>Red &amp; Green Chakkars</td>
   
   
   
   <td>10 Pcs</td>
  
  
  
  </tr>
  
  
  
  <tr>
   
   
   
   <td>6</td>
   
   
   
   <td>Twinkling Star</td>
   
   
   
   <td>5 Pcs</td>
  
  
  
  </tr>
  
  
  
  <tr>
   
   
   
   <td>7</td>
   
   
   
   <td>Fire Pencils</td>
   
   
   
   <td>5 Pcs</td>
  
  
  
  </tr>
  
  
  
  <tr>
   
   
   
   <td>8</td>
   
   
   
   <td>Bijili Crackers Stripped</td>
   
   
   
   <td>50 Pcs</td>
  
  
  
  </tr>
  
  
  
  <tr>
   
   
   
   <td>9</td>
   
   
   
   <td>Hydrogen Bomb Green</td>
   
   
   
   <td>5 Pcs</td>
  
  
  
  </tr>
  
  
  
  <tr>
   
   
   
   <td>10</td>
   
   
   
   <td>500/5 Hitler-10cm</td>
   
   
   
   <td> 5 Pcs</td>
  
  
  
  </tr>
  
  
  
  <tr>
   
   
   
   <td>11</td>
   
   
   
   <td>1000/5 Sparrow-6.5 cm</td>
   
   
   
   <td>5 Pcs</td>
  
  
  
  </tr>
  
  
  
  <tr>
   
   
   
   <td>12</td>
   
   
   
   <td>30’s Bullet Fire Crackers</td>
   
   
   
   <td>1 Saram</td>
  
  
  
  </tr>
  
  
  
  <tr>
   
   
   
   <td>13</td>
   
   
   
   <td>Assorted Cartoons</td>
   
   
   
   <td>2 Pcs</td>
  
  
  
  </tr>
  
  
  
  <tr>
   
   
   
   <td>14</td>
   
   
   
   <td>Whizz Serpents</td>
   
   
   
   <td>2 Pcs</td>
  
  
  
  </tr>
  
  
  
  <tr>
   
   
   
   <td>15</td>
   
   
   
   <td>Color changing Butterfly</td>
   
   
   
   <td>1 Pce</td>
  
  
  
  </tr>
  
  
  
  <tr>
   
   
   
   <td>16</td>
   
   
   
   <td>Signal lights</td>
   
   
   
   <td>1 Pce</td>
  
  
  
  </tr>
  
  
  
  <tr>
   
   
   
   <td>17</td>
   
   
   
   <td>Mini Fountain &ndash; Red</td>
   
   
   
   <td>2 Pcs</td>
  
  
  
  </tr>
  
  
  
  <tr>
   
   
   
   <td>18</td>
   
   
   
   <td>Mini Fountain - Gold</td>
   
   
   
   <td>2 Pcs</td>
  
  
  
  </tr>
  
  
  
  <tr>
   
   
   
   <td>19</td>
   
   
   
   <td>Mini Fountain - Silver</td>
   
   
   
   <td>2 Pcs</td>
  
  
  
  </tr>
  
  
  
  <tr>
   
   
   
   <td>20</td>
   
   
   
   <td>Mini Fountain &ndash; Green</td>
   
   
   
   <td>2 Pcs</td>
  
  
  
  </tr>
  
  
  
  <tr>
   
   
   
   <td>21</td>
   
   
   
   <td>Disco Flash</td>
   
   
   
   <td>2 Pcs</td>
  
  
  
  </tr>
  
  
  
  <tr>
   
   
   
   <td>22</td>
   
   
   
   <td>Colour Smoke Fountain</td>
   
   
   
   <td>1 Pce</td>
  
  
  
  </tr>
  
  
  
  <tr>
   
   
   
   <td>23</td>
   
   
   
   <td>Butterfly Red &amp; Silver</td>
   
   
   
   <td>1 Pce</td>
  
  
  
  </tr>
 
 
 
 </tbody>



</table>"
424,"GIFT BOXES","Glamour (21 items)soundless",375,"1 Box","/images/giftbixes/6.jpg","<table cellspacing=""0"" cellpadding=""5"" bordercolor=""#e8ce7b"" border=""1"" align=""center"" width=""600"" style=""border-collapse: collapse;"">
 
 
 
 
 <tbody>
  
  
  
  
  <tr>
   
   
   
   
   <td width=""51"" class=""head"">S.No </td>
   
   
   
   
   <td width=""395"" class=""head"">Items</td>
   
   
   
   
   <td width=""124"" class=""head"">Qty</td>
  
  
  
  
  </tr>
  
  
  
  
  <tr>
   
   
   
   
   <td>1</td>
   
   
   
   
   <td>Bobby Gold Sparklers-7 cm</td>
   
   
   
   
   <td>10 Pcs</td>
  
  
  
  
  </tr>
  
  
  
  
  <tr>
   
   
   
   
   <td>2</td>
   
   
   
   
   <td>Bobby Crackling Sparklers-7 cm</td>
   
   
   
   
   <td>10Pcs</td>
  
  
  
  
  </tr>
  
  
  
  
  <tr>
   
   
   
   
   <td>3</td>
   
   
   
   
   <td>Jet Fountains</td>
   
   
   
   
   <td>5 Pcs</td>
  
  
  
  
  </tr>
  
  
  
  
  <tr>
   
   
   
   
   <td>4</td>
   
   
   
   
   <td>Twinkling Star-45cm</td>
   
   
   
   
   <td>10 Pcs</td>
  
  
  
  
  </tr>
  
  
  
  
  <tr>
   
   
   
   
   <td> 5</td>
   
   
   
   
   <td>Glittering Gems</td>
   
   
   
   
   <td>1 Saram</td>
  
  
  
  
  </tr>
  
  
  
  
  <tr>
   
   
   
   
   <td>6</td>
   
   
   
   
   <td>Color Changing Butterfly</td>
   
   
   
   
   <td>1 Pce</td>
  
  
  
  
  </tr>
  
  
  
  
  <tr>
   
   
   
   
   <td>7</td>
   
   
   
   
   <td>Disco Flash</td>
   
   
   
   
   <td>2 Pcs</td>
  
  
  
  
  </tr>
  
  
  
  
  <tr>
   
   
   
   
   <td>8</td>
   
   
   
   
   <td>Mini Fountain &ndash; Red</td>
   
   
   
   
   <td>2 Pcs</td>
  
  
  
  
  </tr>
  
  
  
  
  <tr>
   
   
   
   
   <td>9</td>
   
   
   
   
   <td>Mini Fountain - Gold</td>
   
   
   
   
   <td>2 Pcs</td>
  
  
  
  
  </tr>
  
  
  
  
  <tr>
   
   
   
   
   <td>10</td>
   
   
   
   
   <td>Mini Fountain - Silver</td>
   
   
   
   
   <td>2 Pcs</td>
  
  
  
  
  </tr>
  
  
  
  
  <tr>
   
   
   
   
   <td>11</td>
   
   
   
   
   <td>Mini Fountain - Purple</td>
   
   
   
   
   <td>2 Pcs</td>
  
  
  
  
  </tr>
  
  
  
  
  <tr>
   
   
   
   
   <td>12</td>
   
   
   
   
   <td>Mini Fountain &ndash; Green</td>
   
   
   
   
   <td>2 Pcs</td>
  
  
  
  
  </tr>
  
  
  
  
  <tr>
   
   
   
   
   <td>13</td>
   
   
   
   
   <td>Butterfly Red &amp; Silver</td>
   
   
   
   
   <td>1 Pce</td>
  
  
  
  
  </tr>
  
  
  
  
  <tr>
   
   
   
   
   <td>14</td>
   
   
   
   
   <td>Whizz Serpents</td>
   
   
   
   
   <td>2 Pcs</td>
  
  
  
  
  </tr>
  
  
  
  
  <tr>
   
   
   
   
   <td>15</td>
   
   
   
   
   <td>Happiness</td>
   
   
   
   
   <td>1 Pce</td>
  
  
  
  
  </tr>
  
  
  
  
  <tr>
   
   
   
   
   <td>16</td>
   
   
   
   
   <td>Color Smoke Fountain</td>
   
   
   
   
   <td>1 Pce</td>
  
  
  
  
  </tr>
  
  
  
  
  <tr>
   
   
   
   
   <td>17</td>
   
   
   
   
   <td>Red &amp; Green Chakkars</td>
   
   
   
   
   <td>10 Pcs</td>
  
  
  
  
  </tr>
  
  
  
  
  <tr>
   
   
   
   
   <td>18</td>
   
   
   
   
   <td>Signal Lights</td>
   
   
   
   
   <td>1 Pce</td>
  
  
  
  
  </tr>
  
  
  
  
  <tr>
   
   
   
   
   <td>19</td>
   
   
   
   
   <td>Assorted Cartoons</td>
   
   
   
   
   <td>5 Pcs</td>
  
  
  
  
  </tr>
  
  
  
  
  <tr>
   
   
   
   
   <td>20</td>
   
   
   
   
   <td>Electric Stones</td>
   
   
   
   
   <td>10 Pcs</td>
  
  
  
  
  </tr>
  
  
  
  
  <tr>
   
   
   
   
   <td>21</td>
   
   
   
   
   <td>Fire Pencil</td>
   
   
   
   
   <td>5 Pcs</td>
  
  
  
  
  </tr>
 
 
 
 
 </tbody>




</table>"
493,"GIFT BOXES","Great (28 items)",400,"1 Box","/images/giftbixes/7.jpg","<table cellspacing=""0"" cellpadding=""5"" bordercolor=""#e8ce7b"" border=""1"" align=""center"" width=""600"" style=""border-collapse: collapse;"">
 
 
 
 <tbody>
  
  
  
  <tr>
   
   
   
   <td width=""51"" class=""head"">S.No </td>
   
   
   
   <td width=""395"" class=""head"">Items</td>
   
   
   
   <td width=""124"" class=""head"">Qty</td>
  
  
  
  </tr>
  
  
  
  <tr>
   
   
   
   <td>1</td>
   
   
   
   <td>Bobby Gold Sparklers-7 cm</td>
   
   
   
   <td>10 Pcs</td>
  
  
  
  </tr>
  
  
  
  <tr>
   
   
   
   <td>2</td>
   
   
   
   <td>Bobby Crackling Sparklers-7 cm </td>
   
   
   
   <td>10Pcs</td>
  
  
  
  </tr>
  
  
  
  <tr>
   
   
   
   <td>3</td>
   
   
   
   <td>Chavi Gold Sparklers-9 cm</td>
   
   
   
   <td>10 Pcs</td>
  
  
  
  </tr>
  
  
  
  <tr>
   
   
   
   <td>4</td>
   
   
   
   <td>Export Crackling Sparklers-9 cm</td>
   
   
   
   <td>10 Pcs</td>
  
  
  
  </tr>
  
  
  
  <tr>
   
   
   
   <td> 5</td>
   
   
   
   <td>Jet Fountains</td>
   
   
   
   <td>5 Pcs</td>
  
  
  
  </tr>
  
  
  
  <tr>
   
   
   
   <td>6</td>
   
   
   
   <td>Red &amp; Green Chakkars</td>
   
   
   
   <td>10 Pcs</td>
  
  
  
  </tr>
  
  
  
  <tr>
   
   
   
   <td>7</td>
   
   
   
   <td>Twinkling Star</td>
   
   
   
   <td>5 Pcs</td>
  
  
  
  </tr>
  
  
  
  <tr>
   
   
   
   <td>8</td>
   
   
   
   <td>Fire Pencils</td>
   
   
   
   <td>5 Pcs</td>
  
  
  
  </tr>
  
  
  
  <tr>
   
   
   
   <td>9</td>
   
   
   
   <td>Surveyor Rocket</td>
   
   
   
   <td>5 Pcs</td>
  
  
  
  </tr>
  
  
  
  <tr>
   
   
   
   <td>10</td>
   
   
   
   <td>Hydrogen Bomb Green</td>
   
   
   
   <td>5 Pcs</td>
  
  
  
  </tr>
  
  
  
  <tr>
   
   
   
   <td>11</td>
   
   
   
   <td>500/5 Hitler- 10cm</td>
   
   
   
   <td>5 Pcs</td>
  
  
  
  </tr>
  
  
  
  <tr>
   
   
   
   <td>12</td>
   
   
   
   <td>1000/5 Sparrow-6.5 cm</td>
   
   
   
   <td>5 Pcs</td>
  
  
  
  </tr>
  
  
  
  <tr>
   
   
   
   <td>13</td>
   
   
   
   <td>30’s Bullet Fire Crackers</td>
   
   
   
   <td>1 Saram</td>
  
  
  
  </tr>
  
  
  
  <tr>
   
   
   
   <td>14</td>
   
   
   
   <td>30’s Big Bang Fire Crackers</td>
   
   
   
   <td>1 Saram</td>
  
  
  
  </tr>
  
  
  
  <tr>
   
   
   
   <td>15</td>
   
   
   
   <td>Bijili Crackers Stripped</td>
   
   
   
   <td>50 Pcs</td>
  
  
  
  </tr>
  
  
  
  <tr>
   
   
   
   <td>16</td>
   
   
   
   <td>Assorted Cartoons</td>
   
   
   
   <td>2 Pcs</td>
  
  
  
  </tr>
  
  
  
  <tr>
   
   
   
   <td>17</td>
   
   
   
   <td>Whizz Serpents</td>
   
   
   
   <td>2 Pcs</td>
  
  
  
  </tr>
  
  
  
  <tr>
   
   
   
   <td>18</td>
   
   
   
   <td>Signal lights</td>
   
   
   
   <td>1 Pce</td>
  
  
  
  </tr>
  
  
  
  <tr>
   
   
   
   <td>19</td>
   
   
   
   <td>Toy Bomb</td>
   
   
   
   <td>1 Pkt</td>
  
  
  
  </tr>
  
  
  
  <tr>
   
   
   
   <td>20</td>
   
   
   
   <td>Mini Fountain &ndash; Red</td>
   
   
   
   <td>2 Pcs</td>
  
  
  
  </tr>
  
  
  
  <tr>
   
   
   
   <td>21</td>
   
   
   
   <td>Mini Fountain - Gold</td>
   
   
   
   <td>2 Pcs</td>
  
  
  
  </tr>
  
  
  
  <tr>
   
   
   
   <td>22</td>
   
   
   
   <td>Mini Fountain - Silver</td>
   
   
   
   <td>2 Pcs</td>
  
  
  
  </tr>
  
  
  
  <tr>
   
   
   
   <td>23</td>
   
   
   
   <td>Mini Fountain &ndash; Green</td>
   
   
   
   <td>2 Pcs</td>
  
  
  
  </tr>
  
  
  
  <tr>
   
   
   
   <td>24</td>
   
   
   
   <td>Mini Fountain - Purple</td>
   
   
   
   <td>2 Pcs</td>
  
  
  
  </tr>
  
  
  
  <tr>
   
   
   
   <td>25</td>
   
   
   
   <td>Color Changing Butterfly</td>
   
   
   
   <td>1 Pce</td>
  
  
  
  </tr>
  
  
  
  <tr>
   
   
   
   <td>26</td>
   
   
   
   <td>Disco Flash</td>
   
   
   
   <td>2 Pcs</td>
  
  
  
  </tr>
  
  
  
  <tr>
   
   
   
   <td>27</td>
   
   
   
   <td>Butterfly Red &amp; Silver</td>
   
   
   
   <td>1 Pce</td>
  
  
  
  </tr>
  
  
  
  <tr>
   
   
   
   <td>28</td>
   
   
   
   <td>Colour Smoke Fountain</td>
   
   
   
   <td>1 Pce</td>
  
  
  
  </tr>
 
 
 
 </tbody>



</table>"
494,"GIFT BOXES","Wonderful(31 items)",520,"1 Box","/images/giftbixes/10.jpg","<table cellspacing=""0"" cellpadding=""5"" bordercolor=""#e8ce7b"" border=""1"" align=""center"" width=""600"" style=""border-collapse: collapse;"">
 
 
 
 <tbody>
  
  
  
  <tr>
   
   
   
   <td width=""51"" class=""head"">S.No </td>
   
   
   
   <td width=""395"" class=""head"">Items</td>
   
   
   
   <td width=""124"" class=""head"">Qty</td>
  
  
  
  </tr>
  
  
  
  <tr>
   
   
   
   <td>1</td>
   
   
   
   <td>Bobby Gold Sparklers &ndash; 7 cm</td>
   
   
   
   <td>10 Pcs</td>
  
  
  
  </tr>
  
  
  
  <tr>
   
   
   
   <td>2</td>
   
   
   
   <td>Bobby Crackling Sparklers -7 Cm</td>
   
   
   
   <td>10 Pcs</td>
  
  
  
  </tr>
  
  
  
  <tr>
   
   
   
   <td>3</td>
   
   
   
   <td>Chavi Gold Sparklers-9 Cm</td>
   
   
   
   <td>10 Pcs</td>
  
  
  
  </tr>
  
  
  
  <tr>
   
   
   
   <td>4</td>
   
   
   
   <td>Hydrogen Bomb Green</td>
   
   
   
   <td>5 Pcs</td>
  
  
  
  </tr>
  
  
  
  <tr>
   
   
   
   <td> 5</td>
   
   
   
   <td>Surveyor Rocket</td>
   
   
   
   <td>10 Pcs</td>
  
  
  
  </tr>
  
  
  
  <tr>
   
   
   
   <td>6</td>
   
   
   
   <td>Fire Pencils</td>
   
   
   
   <td>5 Pcs</td>
  
  
  
  </tr>
  
  
  
  <tr>
   
   
   
   <td>7</td>
   
   
   
   <td>Twinkling Star &ndash; 45 cm</td>
   
   
   
   <td>10 Pcs</td>
  
  
  
  </tr>
  
  
  
  <tr>
   
   
   
   <td>8</td>
   
   
   
   <td>Jet Fountains</td>
   
   
   
   <td>5 Pcs</td>
  
  
  
  </tr>
  
  
  
  <tr>
   
   
   
   <td>9</td>
   
   
   
   <td>Toy Bomb</td>
   
   
   
   <td>1 Pkt</td>
  
  
  
  </tr>
  
  
  
  <tr>
   
   
   
   <td>10</td>
   
   
   
   <td>Bijili Crackers Stripped</td>
   
   
   
   <td>50 Pcs</td>
  
  
  
  </tr>
  
  
  
  <tr>
   
   
   
   <td>11</td>
   
   
   
   <td>Colour changing Butterfly</td>
   
   
   
   <td>1 Pce</td>
  
  
  
  </tr>
  
  
  
  <tr>
   
   
   
   <td>12</td>
   
   
   
   <td>Red Colour Sparklers </td>
   
   
   
   <td>10 Pcs</td>
  
  
  
  </tr>
  
  
  
  <tr>
   
   
   
   <td>13</td>
   
   
   
   <td>30’s Bullet Fire Crackers</td>
   
   
   
   <td>1 Saram</td>
  
  
  
  </tr>
  
  
  
  <tr>
   
   
   
   <td>14</td>
   
   
   
   <td>30’s Big Bang Fire Crackers</td>
   
   
   
   <td>1 Saram</td>
  
  
  
  </tr>
  
  
  
  <tr>
   
   
   
   <td>15</td>
   
   
   
   <td>Red &amp; Green Chakkars</td>
   
   
   
   <td>10 Pcs</td>
  
  
  
  </tr>
  
  
  
  <tr>
   
   
   
   <td>16</td>
   
   
   
   <td>Butterfly Red &amp; Silver</td>
   
   
   
   <td>1 Pce</td>
  
  
  
  </tr>
  
  
  
  <tr>
   
   
   
   <td>17</td>
   
   
   
   <td>Two Sound &ndash; 9 Cm</td>
   
   
   
   <td>5 Pcs</td>
  
  
  
  </tr>
  
  
  
  <tr>
   
   
   
   <td>18</td>
   
   
   
   <td>1000/5 Sparrow &ndash; 6.5 Cm</td>
   
   
   
   <td>5 Pcs</td>
  
  
  
  </tr>
  
  
  
  <tr>
   
   
   
   <td>19</td>
   
   
   
   <td>500/5 Hitler &ndash; 10 Cm</td>
   
   
   
   <td>5 Pcs</td>
  
  
  
  </tr>
  
  
  
  <tr>
   
   
   
   <td>20</td>
   
   
   
   <td>Disco Flash</td>
   
   
   
   <td>2 Pcs</td>
  
  
  
  </tr>
  
  
  
  <tr>
   
   
   
   <td>21</td>
   
   
   
   <td>Mini Fountain &ndash; Red</td>
   
   
   
   <td>2 Pcs</td>
  
  
  
  </tr>
  
  
  
  <tr>
   
   
   
   <td>22</td>
   
   
   
   <td>Mini Fountain - Gold</td>
   
   
   
   <td>2 Pcs</td>
  
  
  
  </tr>
  
  
  
  <tr>
   
   
   
   <td>23</td>
   
   
   
   <td>Mini Fountain - Silver </td>
   
   
   
   <td>2 Pcs</td>
  
  
  
  </tr>
  
  
  
  <tr>
   
   
   
   <td>24</td>
   
   
   
   <td>Mini Fountain - Purple</td>
   
   
   
   <td>2 Pcs</td>
  
  
  
  </tr>
  
  
  
  <tr>
   
   
   
   <td>25</td>
   
   
   
   <td>Mini Fountain &ndash; Green</td>
   
   
   
   <td>2 Pcs</td>
  
  
  
  </tr>
  
  
  
  <tr>
   
   
   
   <td>26</td>
   
   
   
   <td>Signal Lights </td>
   
   
   
   <td>1 Pce</td>
  
  
  
  </tr>
  
  
  
  <tr>
   
   
   
   <td>27</td>
   
   
   
   <td>Whizz Serpents</td>
   
   
   
   <td>2 Pcs</td>
  
  
  
  </tr>
  
  
  
  <tr>
   
   
   
   <td>28</td>
   
   
   
   <td>Assorted Cartoons</td>
   
   
   
   <td>5 Pcs</td>
  
  
  
  </tr>
  
  
  
  <tr>
   
   
   
   <td>29</td>
   
   
   
   <td>Colour Smoke Fountain</td>
   
   
   
   <td>1 Pce</td>
  
  
  
  </tr>
  
  
  
  <tr>
   
   
   
   <td>30</td>
   
   
   
   <td>Butterfly Red </td>
   
   
   
   <td>1 Pce</td>
  
  
  
  </tr>
  
  
  
  <tr>
   
   
   
   <td>31</td>
   
   
   
   <td>Butterfly Silver </td>
   
   
   
   <td>1 Pce</td>
  
  
  
  </tr>
 
 
 
 </tbody>



</table>"
427,"GIFT BOXES","Glitter (25 items) Soundless",560,"1 Box","/images/giftbixes/12.jpg","<table cellspacing=""0"" cellpadding=""5"" bordercolor=""#e8ce7b"" border=""1"" align=""center"" width=""600"" style=""border-collapse: collapse;"">
 
 
 
 <tbody>
  
  
  
  <tr>
   
   
   
   <td width=""51"" class=""head"">S.No </td>
   
   
   
   <td width=""395"" class=""head"">Items</td>
   
   
   
   <td width=""124"" class=""head"">Qty</td>
  
  
  
  </tr>
  
  
  
  <tr>
   
   
   
   <td>1</td>
   
   
   
   <td>Bobby Gold Sparklers-7 cm</td>
   
   
   
   <td>10 Pcs</td>
  
  
  
  </tr>
  
  
  
  <tr>
   
   
   
   <td>2</td>
   
   
   
   <td>Bobby Crackling Sparklers</td>
   
   
   
   <td>10 Pcs</td>
  
  
  
  </tr>
  
  
  
  <tr>
   
   
   
   <td>3</td>
   
   
   
   <td>Green Colour Sparklers</td>
   
   
   
   <td>10 Pcs</td>
  
  
  
  </tr>
  
  
  
  <tr>
   
   
   
   <td>4</td>
   
   
   
   <td>Jet Fountains</td>
   
   
   
   <td>5 Pcs</td>
  
  
  
  </tr>
  
  
  
  <tr>
   
   
   
   <td> 5</td>
   
   
   
   <td>Zamin Chakkars Asoka</td>
   
   
   
   <td>10 Pcs</td>
  
  
  
  </tr>
  
  
  
  <tr>
   
   
   
   <td>6</td>
   
   
   
   <td>Twinkling Star &ndash; 45 cm</td>
   
   
   
   <td>10 Pcs</td>
  
  
  
  </tr>
  
  
  
  <tr>
   
   
   
   <td>7</td>
   
   
   
   <td>Emarald Diamonds</td>
   
   
   
   <td>10 Pcs</td>
  
  
  
  </tr>
  
  
  
  <tr>
   
   
   
   <td>8</td>
   
   
   
   <td>Electric Stones</td>
   
   
   
   <td>10 Pcs</td>
  
  
  
  </tr>
  
  
  
  <tr>
   
   
   
   <td>9</td>
   
   
   
   <td>Signal Lights</td>
   
   
   
   <td>1 Pce</td>
  
  
  
  </tr>
  
  
  
  <tr>
   
   
   
   <td>10</td>
   
   
   
   <td>Assorted Cartoon</td>
   
   
   
   <td>5 Pcs</td>
  
  
  
  </tr>
  
  
  
  <tr>
   
   
   
   <td>11</td>
   
   
   
   <td>Glittering Gems</td>
   
   
   
   <td>1 Pkt</td>
  
  
  
  </tr>
  
  
  
  <tr>
   
   
   
   <td>12</td>
   
   
   
   <td>Colour Changing Butterfly</td>
   
   
   
   <td>1 Pce</td>
  
  
  
  </tr>
  
  
  
  <tr>
   
   
   
   <td>13</td>
   
   
   
   <td>Gold Rush</td>
   
   
   
   <td>1 Pce</td>
  
  
  
  </tr>
  
  
  
  <tr>
   
   
   
   <td>14</td>
   
   
   
   <td>Golden Whistle Small</td>
   
   
   
   <td>1 Pce</td>
  
  
  
  </tr>
  
  
  
  <tr>
   
   
   
   <td>15</td>
   
   
   
   <td>Fire Pencils</td>
   
   
   
   <td>5 Pcs</td>
  
  
  
  </tr>
  
  
  
  <tr>
   
   
   
   <td>16</td>
   
   
   
   <td>Disco Flash</td>
   
   
   
   <td>2 Pcs</td>
  
  
  
  </tr>
  
  
  
  <tr>
   
   
   
   <td>17</td>
   
   
   
   <td>Mini Fountain &ndash; Red </td>
   
   
   
   <td>2 Pcs</td>
  
  
  
  </tr>
  
  
  
  <tr>
   
   
   
   <td>18</td>
   
   
   
   <td>Mini Fountain - Gold</td>
   
   
   
   <td>2 Pcs</td>
  
  
  
  </tr>
  
  
  
  <tr>
   
   
   
   <td>19</td>
   
   
   
   <td>Mini Fountain - Silver </td>
   
   
   
   <td>2 Pcs</td>
  
  
  
  </tr>
  
  
  
  <tr>
   
   
   
   <td>20</td>
   
   
   
   <td>Mini Fountain - Purple</td>
   
   
   
   <td>2 Pcs</td>
  
  
  
  </tr>
  
  
  
  <tr>
   
   
   
   <td>21</td>
   
   
   
   <td>Mini Fountain &ndash; Green</td>
   
   
   
   <td>2 Pcs</td>
  
  
  
  </tr>
  
  
  
  <tr>
   
   
   
   <td>22</td>
   
   
   
   <td>Color Smoke Fountain</td>
   
   
   
   <td>1 Pce</td>
  
  
  
  </tr>
  
  
  
  <tr>
   
   
   
   <td>23</td>
   
   
   
   <td>Cheers</td>
   
   
   
   <td>1 Pce</td>
  
  
  
  </tr>
  
  
  
  <tr>
   
   
   
   <td>24</td>
   
   
   
   <td>Butterfly Red &amp; Silver</td>
   
   
   
   <td>1 Pce</td>
  
  
  
  </tr>
  
  
  
  <tr>
   
   
   
   <td>25</td>
   
   
   
   <td>Happiness</td>
   
   
   
   <td>1 Pce</td>
  
  
  
  </tr>
 
 
 
 </tbody>



</table>"
495,"GIFT BOXES","Fantastic(34 items)",600,"1 Box","/images/giftbixes/13.jpg","<table cellspacing=""0"" cellpadding=""5"" bordercolor=""#e8ce7b"" border=""1"" align=""center"" width=""600"" style=""border-collapse: collapse;"">
 
 
 
 <tbody>
  
  
  
  <tr>
   
   
   
   <td width=""51"" class=""head"">S.No </td>
   
   
   
   <td width=""395"" class=""head"">Items</td>
   
   
   
   <td width=""124"" class=""head"">Qty</td>
  
  
  
  </tr>
  
  
  
  <tr>
   
   
   
   <td>1</td>
   
   
   
   <td>Bobby Gold Sparklers &ndash; 7 cm</td>
   
   
   
   <td>10 Pcs</td>
  
  
  
  </tr>
  
  
  
  <tr>
   
   
   
   <td>2</td>
   
   
   
   <td>Bobby Crackling Sparklers -7 Cm</td>
   
   
   
   <td>10 Pcs</td>
  
  
  
  </tr>
  
  
  
  <tr>
   
   
   
   <td>3</td>
   
   
   
   <td>Chavi Gold Sparklers</td>
   
   
   
   <td>10 Pcs</td>
  
  
  
  </tr>
  
  
  
  <tr>
   
   
   
   <td>4</td>
   
   
   
   <td>Red Colour Sparklers</td>
   
   
   
   <td>10 Pcs</td>
  
  
  
  </tr>
  
  
  
  <tr>
   
   
   
   <td> 5</td>
   
   
   
   <td>Red &amp; Green Chakkars</td>
   
   
   
   <td>10 Pcs</td>
  
  
  
  </tr>
  
  
  
  <tr>
   
   
   
   <td>6</td>
   
   
   
   <td>Surveyor Rocket</td>
   
   
   
   <td>5 Pcs</td>
  
  
  
  </tr>
  
  
  
  <tr>
   
   
   
   <td>7</td>
   
   
   
   <td>Peacock Sure Shots &ndash; Big</td>
   
   
   
   <td>10 Pcs</td>
  
  
  
  </tr>
  
  
  
  <tr>
   
   
   
   <td>8</td>
   
   
   
   <td>Peacock Sure Shots &ndash; Mini</td>
   
   
   
   <td>10 Pcs</td>
  
  
  
  </tr>
  
  
  
  <tr>
   
   
   
   <td>9</td>
   
   
   
   <td>1000/5 Sparrow Crackers</td>
   
   
   
   <td>5 Pcs</td>
  
  
  
  </tr>
  
  
  
  <tr>
   
   
   
   <td>10</td>
   
   
   
   <td>Two Sound Crackers</td>
   
   
   
   <td>5 Pcs</td>
  
  
  
  </tr>
  
  
  
  <tr>
   
   
   
   <td>11</td>
   
   
   
   <td>500/5 Hitler crackers</td>
   
   
   
   <td>5 Pcs</td>
  
  
  
  </tr>
  
  
  
  <tr>
   
   
   
   <td>12</td>
   
   
   
   <td>30’s Big Bang Fire Crackers</td>
   
   
   
   <td>1 Saram</td>
  
  
  
  </tr>
  
  
  
  <tr>
   
   
   
   <td>13</td>
   
   
   
   <td>100’s Bullet FireCrackers</td>
   
   
   
   <td>1 Saram</td>
  
  
  
  </tr>
  
  
  
  <tr>
   
   
   
   <td>14</td>
   
   
   
   <td>30’s Bullet FireCrackers</td>
   
   
   
   <td>1 Saram</td>
  
  
  
  </tr>
  
  
  
  <tr>
   
   
   
   <td>15</td>
   
   
   
   <td>Bijili Crackers Stripped</td>
   
   
   
   <td>50 Pcs</td>
  
  
  
  </tr>
  
  
  
  <tr>
   
   
   
   <td>16</td>
   
   
   
   <td>Butterfly Red &amp; Silver</td>
   
   
   
   <td>1 Pce</td>
  
  
  
  </tr>
  
  
  
  <tr>
   
   
   
   <td>17</td>
   
   
   
   <td>Butterfly Red</td>
   
   
   
   <td>1 Pce</td>
  
  
  
  </tr>
  
  
  
  <tr>
   
   
   
   <td>18</td>
   
   
   
   <td>Butterfly Silver </td>
   
   
   
   <td>1 Pce</td>
  
  
  
  </tr>
  
  
  
  <tr>
   
   
   
   <td>19</td>
   
   
   
   <td>Hydrogen Bomb Green</td>
   
   
   
   <td>5 Pcs</td>
  
  
  
  </tr>
  
  
  
  <tr>
   
   
   
   <td>20</td>
   
   
   
   <td>Fire Pencil</td>
   
   
   
   <td>5 Pcs</td>
  
  
  
  </tr>
  
  
  
  <tr>
   
   
   
   <td>21</td>
   
   
   
   <td>Twinkling Star-45cm</td>
   
   
   
   <td>10 Pcs</td>
  
  
  
  </tr>
  
  
  
  <tr>
   
   
   
   <td>22</td>
   
   
   
   <td>Color Smoke Fountain</td>
   
   
   
   <td>1 Pce</td>
  
  
  
  </tr>
  
  
  
  <tr>
   
   
   
   <td>23</td>
   
   
   
   <td>Jet Fountains</td>
   
   
   
   <td>5 Pcs</td>
  
  
  
  </tr>
  
  
  
  <tr>
   
   
   
   <td>24</td>
   
   
   
   <td>Mini Fountain &ndash; Red</td>
   
   
   
   <td>2 Pcs</td>
  
  
  
  </tr>
  
  
  
  <tr>
   
   
   
   <td>25</td>
   
   
   
   <td>Mini Fountain - Gold</td>
   
   
   
   <td>2 Pcs</td>
  
  
  
  </tr>
  
  
  
  <tr>
   
   
   
   <td>26</td>
   
   
   
   <td>Mini Fountain - Silver</td>
   
   
   
   <td>2 Pcs</td>
  
  
  
  </tr>
  
  
  
  <tr>
   
   
   
   <td>27</td>
   
   
   
   <td>Mini Fountain - Purple</td>
   
   
   
   <td>2 Pcs</td>
  
  
  
  </tr>
  
  
  
  <tr>
   
   
   
   <td>28</td>
   
   
   
   <td>Mini Fountain &ndash; Green</td>
   
   
   
   <td>2 Pcs</td>
  
  
  
  </tr>
  
  
  
  <tr>
   
   
   
   <td>29</td>
   
   
   
   <td>Colour changing Butterfly</td>
   
   
   
   <td>1 Pce</td>
  
  
  
  </tr>
  
  
  
  <tr>
   
   
   
   <td>30</td>
   
   
   
   <td>Signal Lights</td>
   
   
   
   <td>1 Pce</td>
  
  
  
  </tr>
  
  
  
  <tr>
   
   
   
   <td>31</td>
   
   
   
   <td>Whizz Serpents</td>
   
   
   
   <td>2 Pcs</td>
  
  
  
  </tr>
  
  
  
  <tr>
   
   
   
   <td>32</td>
   
   
   
   <td>Assorted Cartoons</td>
   
   
   
   <td>5 Pcs</td>
  
  
  
  </tr>
  
  
  
  <tr>
   
   
   
   <td>33</td>
   
   
   
   <td>Disco Flash</td>
   
   
   
   <td>2 Pcs</td>
  
  
  
  </tr>
  
  
  
  <tr>
   
   
   
   <td>34</td>
   
   
   
   <td>Toy Bomb</td>
   
   
   
   <td>1 Pkt</td>
  
  
  
  </tr>
 
 
 
 </tbody>



</table>"
441,"GIFT BOXES","Dazzle (27 items) Soundless",700,"1 Box","/images/giftbixes/15.jpg","<table cellspacing=""0"" cellpadding=""5"" bordercolor=""#e8ce7b"" border=""1"" align=""center"" width=""600"" style=""border-collapse: collapse;"">
 
 
 
 
 <tbody>
  
  
  
  
  <tr>
   
   
   
   
   <td width=""51"" class=""head"">S.No </td>
   
   
   
   
   <td width=""395"" class=""head"">Items</td>
   
   
   
   
   <td width=""124"" class=""head"">Qty</td>
  
  
  
  
  </tr>
  
  
  
  
  <tr>
   
   
   
   
   <td>1</td>
   
   
   
   
   <td>Red Colour Sparklers &ndash; 15 Cm</td>
   
   
   
   
   <td>10 Pcs</td>
  
  
  
  
  </tr>
  
  
  
  
  <tr>
   
   
   
   
   <td>2</td>
   
   
   
   
   <td>Green Colour Sparklers</td>
   
   
   
   
   <td>10 Pcs</td>
  
  
  
  
  </tr>
  
  
  
  
  <tr>
   
   
   
   
   <td>3</td>
   
   
   
   
   <td>Jet Fountains</td>
   
   
   
   
   <td>5 Pcs</td>
  
  
  
  
  </tr>
  
  
  
  
  <tr>
   
   
   
   
   <td>4</td>
   
   
   
   
   <td>Red &amp; Green Chakkars</td>
   
   
   
   
   <td>10 Pcs</td>
  
  
  
  
  </tr>
  
  
  
  
  <tr>
   
   
   
   
   <td> 5</td>
   
   
   
   
   <td>Zamin Chakkars Asoka</td>
   
   
   
   
   <td>10 Pcs</td>
  
  
  
  
  </tr>
  
  
  
  
  <tr>
   
   
   
   
   <td>6</td>
   
   
   
   
   <td>Twinkling Star &ndash; 45 cm</td>
   
   
   
   
   <td>10 Pcs</td>
  
  
  
  
  </tr>
  
  
  
  
  <tr>
   
   
   
   
   <td>7</td>
   
   
   
   
   <td>Fire Pencils</td>
   
   
   
   
   <td>10 Pcs</td>
  
  
  
  
  </tr>
  
  
  
  
  <tr>
   
   
   
   
   <td>8</td>
   
   
   
   
   <td>Emerald Diamonds</td>
   
   
   
   
   <td>10 Pcs</td>
  
  
  
  
  </tr>
  
  
  
  
  <tr>
   
   
   
   
   <td>9</td>
   
   
   
   
   <td>Electric Stones</td>
   
   
   
   
   <td>10 Pcs</td>
  
  
  
  
  </tr>
  
  
  
  
  <tr>
   
   
   
   
   <td>10</td>
   
   
   
   
   <td>Assorted Cartoons</td>
   
   
   
   
   <td>10 Pcs</td>
  
  
  
  
  </tr>
  
  
  
  
  <tr>
   
   
   
   
   <td>11</td>
   
   
   
   
   <td>Signal Lights</td>
   
   
   
   
   <td>10 Pcs</td>
  
  
  
  
  </tr>
  
  
  
  
  <tr>
   
   
   
   
   <td>12</td>
   
   
   
   
   <td>Glittering Gems</td>
   
   
   
   
   <td>2 Pcs</td>
  
  
  
  
  </tr>
  
  
  
  
  <tr>
   
   
   
   
   <td>13</td>
   
   
   
   
   <td>Golden Whistle Small</td>
   
   
   
   
   <td>1 Pce</td>
  
  
  
  
  </tr>
  
  
  
  
  <tr>
   
   
   
   
   <td>14</td>
   
   
   
   
   <td>Gold Rush</td>
   
   
   
   
   <td>1 Pce</td>
  
  
  
  
  </tr>
  
  
  
  
  <tr>
   
   
   
   
   <td>15</td>
   
   
   
   
   <td>Disco Flash</td>
   
   
   
   
   <td>2 Pcs</td>
  
  
  
  
  </tr>
  
  
  
  
  <tr>
   
   
   
   
   <td>16</td>
   
   
   
   
   <td>Mini Fountain &ndash; Red</td>
   
   
   
   
   <td>2 Pcs</td>
  
  
  
  
  </tr>
  
  
  
  
  <tr>
   
   
   
   
   <td>17</td>
   
   
   
   
   <td>Mini Fountain - Gold</td>
   
   
   
   
   <td>2 Pcs</td>
  
  
  
  
  </tr>
  
  
  
  
  <tr>
   
   
   
   
   <td>18</td>
   
   
   
   
   <td>Mini Fountain - Silver</td>
   
   
   
   
   <td>2 Pcs</td>
  
  
  
  
  </tr>
  
  
  
  
  <tr>
   
   
   
   
   <td>19</td>
   
   
   
   
   <td>Mini Fountain - Purple</td>
   
   
   
   
   <td>2 Pcs</td>
  
  
  
  
  </tr>
  
  
  
  
  <tr>
   
   
   
   
   <td>20</td>
   
   
   
   
   <td>Mini Fountain &ndash; Green</td>
   
   
   
   
   <td>2 Pcs</td>
  
  
  
  
  </tr>
  
  
  
  
  <tr>
   
   
   
   
   <td>21</td>
   
   
   
   
   <td>Happiness</td>
   
   
   
   
   <td>1 Pce</td>
  
  
  
  
  </tr>
  
  
  
  
  <tr>
   
   
   
   
   <td>22</td>
   
   
   
   
   <td>Cheers</td>
   
   
   
   
   <td>1 Pce</td>
  
  
  
  
  </tr>
  
  
  
  
  <tr>
   
   
   
   
   <td>23</td>
   
   
   
   
   <td>Jade Flowers</td>
   
   
   
   
   <td>1 Pce</td>
  
  
  
  
  </tr>
  
  
  
  
  <tr>
   
   
   
   
   <td>24</td>
   
   
   
   
   <td>Magic Spray Confetti</td>
   
   
   
   
   <td>1 Pce</td>
  
  
  
  
  </tr>
  
  
  
  
  <tr>
   
   
   
   
   <td>25</td>
   
   
   
   
   <td>Colour Smoke Fountain</td>
   
   
   
   
   <td>1 Pce</td>
  
  
  
  
  </tr>
  
  
  
  
  <tr>
   
   
   
   
   <td>26</td>
   
   
   
   
   <td>Colour Changing Butterfly</td>
   
   
   
   
   <td>2 Pcs</td>
  
  
  
  
  </tr>
  
  
  
  
  <tr>
   
   
   
   
   <td>27</td>
   
   
   
   
   <td>Butterfly Red &amp; Silver</td>
   
   
   
   
   <td>2 Pcs</td>
  
  
  
  
  </tr>
 
 
 
 
 </tbody>




</table>"
496,"GIFT BOXES","Khushi (36 items)",700,"1 Box","/images/giftbixes/16.jpg","<table cellspacing=""0"" cellpadding=""5"" bordercolor=""#e8ce7b"" border=""1"" align=""center"" width=""600"" style=""border-collapse: collapse;"">
 
 
 
 <tbody>
  
  
  
  <tr>
   
   
   
   <td width=""51"" class=""head"">S.No </td>
   
   
   
   <td width=""395"" class=""head"">Items</td>
   
   
   
   <td width=""124"" class=""head"">Qty</td>
  
  
  
  </tr>
  
  
  
  <tr>
   
   
   
   <td>1</td>
   
   
   
   <td>Bobby Gold Sparklers &ndash; 7 cm</td>
   
   
   
   <td>10 Pcs</td>
  
  
  
  </tr>
  
  
  
  <tr>
   
   
   
   <td>2</td>
   
   
   
   <td>Bobby Crackling Sparklers -7 Cm</td>
   
   
   
   <td>10 Pcs</td>
  
  
  
  </tr>
  
  
  
  <tr>
   
   
   
   <td>3</td>
   
   
   
   <td>Chavi Gold Sparklers</td>
   
   
   
   <td>10 Pcs</td>
  
  
  
  </tr>
  
  
  
  <tr>
   
   
   
   <td>4</td>
   
   
   
   <td>Green Colour Sparklers</td>
   
   
   
   <td>10 Pcs</td>
  
  
  
  </tr>
  
  
  
  <tr>
   
   
   
   <td> 5</td>
   
   
   
   <td>Red Colour Sparklers</td>
   
   
   
   <td>10 Pcs</td>
  
  
  
  </tr>
  
  
  
  <tr>
   
   
   
   <td>6</td>
   
   
   
   <td>Jet Fountains</td>
   
   
   
   <td>5 Pcs</td>
  
  
  
  </tr>
  
  
  
  <tr>
   
   
   
   <td>7</td>
   
   
   
   <td>Zamin Chakkars Asoka</td>
   
   
   
   <td>10 Pcs</td>
  
  
  
  </tr>
  
  
  
  <tr>
   
   
   
   <td>8</td>
   
   
   
   <td>Red &amp; Green Chakkars</td>
   
   
   
   <td>10 Pcs</td>
  
  
  
  </tr>
  
  
  
  <tr>
   
   
   
   <td>9</td>
   
   
   
   <td>Twinkling Star &ndash; 45 cm</td>
   
   
   
   <td>10 Pcs</td>
  
  
  
  </tr>
  
  
  
  <tr>
   
   
   
   <td>10</td>
   
   
   
   <td>Fire Pencils</td>
   
   
   
   <td>5 Pcs</td>
  
  
  
  </tr>
  
  
  
  <tr>
   
   
   
   <td>11</td>
   
   
   
   <td>Surveyor Rocket</td>
   
   
   
   <td>10 Pcs</td>
  
  
  
  </tr>
  
  
  
  <tr>
   
   
   
   <td>12</td>
   
   
   
   <td>Hydrogen Bomb Green</td>
   
   
   
   <td>5 Pcs</td>
  
  
  
  </tr>
  
  
  
  <tr>
   
   
   
   <td>13</td>
   
   
   
   <td>500/5 Hitler &ndash; 10 Cm</td>
   
   
   
   <td>5 Pcs</td>
  
  
  
  </tr>
  
  
  
  <tr>
   
   
   
   <td>14</td>
   
   
   
   <td>1000/5 Sparrow &ndash; 6.5 Cm</td>
   
   
   
   <td>5 Pcs</td>
  
  
  
  </tr>
  
  
  
  <tr>
   
   
   
   <td>15</td>
   
   
   
   <td>Two Sound &ndash; 9 Cm</td>
   
   
   
   <td>5 Pcs</td>
  
  
  
  </tr>
  
  
  
  <tr>
   
   
   
   <td>16</td>
   
   
   
   <td>30’s Bullet Fire Crackers</td>
   
   
   
   <td>1 Saram</td>
  
  
  
  </tr>
  
  
  
  <tr>
   
   
   
   <td>17</td>
   
   
   
   <td>30’s Big Bang Fire Crackers</td>
   
   
   
   <td>1 Saram</td>
  
  
  
  </tr>
  
  
  
  <tr>
   
   
   
   <td>18</td>
   
   
   
   <td>Peacock Sure Shots &ndash; Big</td>
   
   
   
   <td>10 Pcs</td>
  
  
  
  </tr>
  
  
  
  <tr>
   
   
   
   <td>19</td>
   
   
   
   <td>Peacock Sure Shots &ndash; Mini</td>
   
   
   
   <td>10 Pcs</td>
  
  
  
  </tr>
  
  
  
  <tr>
   
   
   
   <td>20</td>
   
   
   
   <td>Lar 100 Bullet Crackers</td>
   
   
   
   <td>1 Saram</td>
  
  
  
  </tr>
  
  
  
  <tr>
   
   
   
   <td>21</td>
   
   
   
   <td>Bijili Crackers Stripped</td>
   
   
   
   <td>50 Pcs</td>
  
  
  
  </tr>
  
  
  
  <tr>
   
   
   
   <td>22</td>
   
   
   
   <td>Assorted Cartoons</td>
   
   
   
   <td>5 Pcs</td>
  
  
  
  </tr>
  
  
  
  <tr>
   
   
   
   <td>23</td>
   
   
   
   <td>Whizz Serpents</td>
   
   
   
   <td>2 Pcs</td>
  
  
  
  </tr>
  
  
  
  <tr>
   
   
   
   <td>24</td>
   
   
   
   <td>Signal Lights</td>
   
   
   
   <td>1 Pce</td>
  
  
  
  </tr>
  
  
  
  <tr>
   
   
   
   <td>25</td>
   
   
   
   <td>Golden Whistle Small</td>
   
   
   
   <td>1 Pce</td>
  
  
  
  </tr>
  
  
  
  <tr>
   
   
   
   <td>26</td>
   
   
   
   <td>Toy Bomb</td>
   
   
   
   <td>1 Pkt</td>
  
  
  
  </tr>
  
  
  
  <tr>
   
   
   
   <td>27</td>
   
   
   
   <td>Mini Fountain &ndash; Red</td>
   
   
   
   <td>2 Pcs</td>
  
  
  
  </tr>
  
  
  
  <tr>
   
   
   
   <td>28</td>
   
   
   
   <td>Mini Fountain - Gold</td>
   
   
   
   <td>2 Pcs</td>
  
  
  
  </tr>
  
  
  
  <tr>
   
   
   
   <td>29</td>
   
   
   
   <td>Mini Fountain - Silver</td>
   
   
   
   <td>2 Pcs</td>
  
  
  
  </tr>
  
  
  
  <tr>
   
   
   
   <td>30</td>
   
   
   
   <td>Mini Fountain - Purple</td>
   
   
   
   <td>2 Pcs</td>
  
  
  
  </tr>
  
  
  
  <tr>
   
   
   
   <td>31</td>
   
   
   
   <td>Mini Fountain &ndash; Green</td>
   
   
   
   <td>2 Pcs</td>
  
  
  
  </tr>
  
  
  
  <tr>
   
   
   
   <td>32</td>
   
   
   
   <td>Disco Flash</td>
   
   
   
   <td>2 Pcs</td>
  
  
  
  </tr>
  
  
  
  <tr>
   
   
   
   <td>33</td>
   
   
   
   <td>Colour Smoke Fountain</td>
   
   
   
   <td>1 Pce</td>
  
  
  
  </tr>
  
  
  
  <tr>
   
   
   
   <td>34</td>
   
   
   
   <td>Butterfly Red </td>
   
   
   
   <td>1 Pce</td>
  
  
  
  </tr>
  
  
  
  <tr>
   
   
   
   <td>35</td>
   
   
   
   <td>Butterfly Silver </td>
   
   
   
   <td>1 Pce</td>
  
  
  
  </tr>
  
  
  
  <tr>
   
   
   
   <td>36</td>
   
   
   
   <td>Butterfly Red &amp; Silver</td>
   
   
   
   <td>1 Pce</td>
  
  
  
  </tr>
 
 
 
 </tbody>



</table>"
442,"GIFT BOXES","Marvel (27 items)Soundless",1230,"1 Box","/images/giftbixes/21.jpg","<table cellspacing=""0"" cellpadding=""5"" bordercolor=""#e8ce7b"" border=""1"" align=""center"" width=""600"" style=""border-collapse: collapse;"">
 
 
 <tbody>
  
  
  <tr>
   
   
   <td width=""51"" class=""head"">S.No </td>
   
   
   <td width=""395"" class=""head"">Items</td>
   
   
   <td width=""124"" class=""head"">Qty</td>
  
  
  </tr>
  
  
  <tr>
   
   
   <td>1</td>
   
   
   <td>Signal Lights</td>
   
   
   <td>10 Pcs</td>
  
  
  </tr>
  
  
  <tr>
   
   
   <td>2</td>
   
   
   <td>Tri Colour Sparklers</td>
   
   
   <td>30 Pcs</td>
  
  
  </tr>
  
  
  <tr>
   
   
   <td>3</td>
   
   
   <td>Gold Sparklers 30 cm </td>
   
   
   <td>10 Pcs</td>
  
  
  </tr>
  
  
  <tr>
   
   
   <td>4</td>
   
   
   <td>Red &amp; Green Chakkars</td>
   
   
   <td>10 Pcs</td>
  
  
  </tr>
  
  
  <tr>
   
   
   <td> 5</td>
   
   
   <td>Zamin Chakkars Asoka</td>
   
   
   <td>10 Pcs</td>
  
  
  </tr>
  
  
  <tr>
   
   
   <td>6</td>
   
   
   <td>Twinkling Star &ndash; 45 cm</td>
   
   
   <td>10 Pcs</td>
  
  
  </tr>
  
  
  <tr>
   
   
   <td>7</td>
   
   
   <td>The Great splendor</td>
   
   
   <td>1 Pce</td>
  
  
  </tr>
  
  
  <tr>
   
   
   <td>8</td>
   
   
   <td>Red &amp; Green Chakkars</td>
   
   
   <td>10 Pcs</td>
  
  
  </tr>
  
  
  <tr>
   
   
   <td>9</td>
   
   
   <td>Colour changing Butterfly</td>
   
   
   <td>5 Pcs</td>
  
  
  </tr>
  
  
  <tr>
   
   
   <td>10</td>
   
   
   <td>Gold Rush</td>
   
   
   <td>1 Pce</td>
  
  
  </tr>
  
  
  <tr>
   
   
   <td>11</td>
   
   
   <td>Glittering Gems</td>
   
   
   <td>1 Saram</td>
  
  
  </tr>
  
  
  <tr>
   
   
   <td>12</td>
   
   
   <td>Musical Crackers</td>
   
   
   <td>1 Saram</td>
  
  
  </tr>
  
  
  <tr>
   
   
   <td>13</td>
   
   
   <td>Moon Series Whistling Rockets</td>
   
   
   <td>10 Pcs</td>
  
  
  </tr>
  
  
  <tr>
   
   
   <td>14</td>
   
   
   <td>Golden Whistle Small</td>
   
   
   <td>1 Pce</td>
  
  
  </tr>
  
  
  <tr>
   
   
   <td>15</td>
   
   
   <td>Magic Spray Confetti </td>
   
   
   <td>1 Pce</td>
  
  
  </tr>
  
  
  <tr>
   
   
   <td>16</td>
   
   
   <td>Fire Pencils</td>
   
   
   <td>10 Pcs</td>
  
  
  </tr>
  
  
  <tr>
   
   
   <td>17</td>
   
   
   <td>Happiness</td>
   
   
   <td>1 Pce</td>
  
  
  </tr>
  
  
  <tr>
   
   
   <td>18</td>
   
   
   <td>Butterfly Red &amp; Silver</td>
   
   
   <td>5 Pcs</td>
  
  
  </tr>
  
  
  <tr>
   
   
   <td>19</td>
   
   
   <td>Cheers</td>
   
   
   <td>1 Pce</td>
  
  
  </tr>
  
  
  <tr>
   
   
   <td>20</td>
   
   
   <td>Jade Flowers</td>
   
   
   <td>1 Pce</td>
  
  
  </tr>
  
  
  <tr>
   
   
   <td>21</td>
   
   
   <td>Disco Flash</td>
   
   
   <td>6 Pcs</td>
  
  
  </tr>
  
  
  <tr>
   
   
   <td>22</td>
   
   
   <td>Mini Fountain &ndash; Red</td>
   
   
   <td>6 Pcs</td>
  
  
  </tr>
  
  
  <tr>
   
   
   <td>23</td>
   
   
   <td>Mini Fountain - Gold</td>
   
   
   <td>6 Pcs</td>
  
  
  </tr>
  
  
  <tr>
   
   
   <td>24</td>
   
   
   <td>Mini Fountain - Silver</td>
   
   
   <td>6 Pcs</td>
  
  
  </tr>
  
  
  <tr>
   
   
   <td>25</td>
   
   
   <td>Mini Fountain - Purple</td>
   
   
   <td>6 Pcs</td>
  
  
  </tr>
  
  
  <tr>
   
   
   <td>26</td>
   
   
   <td>Mini Fountain &ndash; Green</td>
   
   
   <td>6 Pcs</td>
  
  
  </tr>
  
  
  <tr>
   
   
   <td>27</td>
   
   
   <td>Colour Smoke Fountain</td>
   
   
   <td>5 Pcs</td>
  
  
  </tr>
 
 
 </tbody>


</table>"
498,"GIFT BOXES","Diamond(43 items)Soundless",900,"1 Box","/images/giftbixes/18.jpg","<table cellspacing=""0"" cellpadding=""5"" bordercolor=""#e8ce7b"" border=""1"" align=""center"" width=""600"" style=""border-collapse: collapse;"">
 
 
 
 <tbody>
  
  
  
  <tr>
   
   
   
   <td width=""51"" class=""head"">S.No </td>
   
   
   
   <td width=""395"" class=""head"">Items</td>
   
   
   
   <td width=""124"" class=""head"">Qty</td>
  
  
  
  </tr>
  
  
  
  <tr>
   
   
   
   <td>1</td>
   
   
   
   <td>Bobby Gold Sparklers &ndash; 7 cm</td>
   
   
   
   <td>10 Pcs</td>
  
  
  
  </tr>
  
  
  
  <tr>
   
   
   
   <td>2</td>
   
   
   
   <td>Bobby Crackling Sparklers -7 Cm</td>
   
   
   
   <td>10 Pcs</td>
  
  
  
  </tr>
  
  
  
  <tr>
   
   
   
   <td>3</td>
   
   
   
   <td>Chavi Gold Sparklers</td>
   
   
   
   <td>10 Pcs</td>
  
  
  
  </tr>
  
  
  
  <tr>
   
   
   
   <td>4</td>
   
   
   
   <td>Green Colour Sparklers</td>
   
   
   
   <td>10 Pcs</td>
  
  
  
  </tr>
  
  
  
  <tr>
   
   
   
   <td> 5</td>
   
   
   
   <td>Red Colour Sparklers </td>
   
   
   
   <td>10 Pcs</td>
  
  
  
  </tr>
  
  
  
  <tr>
   
   
   
   <td>6</td>
   
   
   
   <td>Crackling Sparklers &ndash; 30 cm </td>
   
   
   
   <td>5 Pcs</td>
  
  
  
  </tr>
  
  
  
  <tr>
   
   
   
   <td>7</td>
   
   
   
   <td>4 Colour Sparklers (Mixed) </td>
   
   
   
   <td>10 Pcs</td>
  
  
  
  </tr>
  
  
  
  <tr>
   
   
   
   <td>8</td>
   
   
   
   <td>Jet Fountains </td>
   
   
   
   <td>5 Pcs</td>
  
  
  
  </tr>
  
  
  
  <tr>
   
   
   
   <td>9</td>
   
   
   
   <td>Zamin Chakkars Asoka</td>
   
   
   
   <td>10 Pcs</td>
  
  
  
  </tr>
  
  
  
  <tr>
   
   
   
   <td>10</td>
   
   
   
   <td>Red &amp; Green Chakkars</td>
   
   
   
   <td>10 Pcs</td>
  
  
  
  </tr>
  
  
  
  <tr>
   
   
   
   <td>11</td>
   
   
   
   <td>Twinkling Star &ndash; 45 cm</td>
   
   
   
   <td>10 Pcs</td>
  
  
  
  </tr>
  
  
  
  <tr>
   
   
   
   <td>12</td>
   
   
   
   <td>Fire Pencils</td>
   
   
   
   <td>5 Pcs</td>
  
  
  
  </tr>
  
  
  
  <tr>
   
   
   
   <td>13</td>
   
   
   
   <td>Rain Bow rockets</td>
   
   
   
   <td>10 Pcs</td>
  
  
  
  </tr>
  
  
  
  <tr>
   
   
   
   <td>14</td>
   
   
   
   <td>Hydrogen Bomb Green </td>
   
   
   
   <td>5 Pcs</td>
  
  
  
  </tr>
  
  
  
  <tr>
   
   
   
   <td>15</td>
   
   
   
   <td>500/5 Hitler &ndash; 10 Cm</td>
   
   
   
   <td>5 Pcs</td>
  
  
  
  </tr>
  
  
  
  <tr>
   
   
   
   <td>16</td>
   
   
   
   <td>1000/5 Sparrow &ndash; 6.5 Cm</td>
   
   
   
   <td>5 Pcs</td>
  
  
  
  </tr>
  
  
  
  <tr>
   
   
   
   <td>17</td>
   
   
   
   <td>Two sound &ndash; 9 cm</td>
   
   
   
   <td>5 Pcs</td>
  
  
  
  </tr>
  
  
  
  <tr>
   
   
   
   <td>18</td>
   
   
   
   <td>30’s Bullet Fire Crackers</td>
   
   
   
   <td>1 Saram</td>
  
  
  
  </tr>
  
  
  
  <tr>
   
   
   
   <td>19</td>
   
   
   
   <td>30’s Big Bang Fire Crackers </td>
   
   
   
   <td>1 Saram</td>
  
  
  
  </tr>
  
  
  
  <tr>
   
   
   
   <td>20</td>
   
   
   
   <td>Peacock Sure shots &ndash; Big</td>
   
   
   
   <td>10 Pcs</td>
  
  
  
  </tr>
  
  
  
  <tr>
   
   
   
   <td>21</td>
   
   
   
   <td>Peacock sure shots &ndash; Mini</td>
   
   
   
   <td>10 Pcs</td>
  
  
  
  </tr>
  
  
  
  <tr>
   
   
   
   <td>22</td>
   
   
   
   <td>Lar 100 Bullet Crackers</td>
   
   
   
   <td>1 Saram</td>
  
  
  
  </tr>
  
  
  
  <tr>
   
   
   
   <td>23</td>
   
   
   
   <td>Bijili Crackers Stripped</td>
   
   
   
   <td>50 Pcs</td>
  
  
  
  </tr>
  
  
  
  <tr>
   
   
   
   <td>24</td>
   
   
   
   <td>Assorted cartoons</td>
   
   
   
   <td>5 Pcs</td>
  
  
  
  </tr>
  
  
  
  <tr>
   
   
   
   <td>25</td>
   
   
   
   <td>Signal Lights </td>
   
   
   
   <td>1 Pce</td>
  
  
  
  </tr>
  
  
  
  <tr>
   
   
   
   <td>26</td>
   
   
   
   <td>Whizz Serpents</td>
   
   
   
   <td>2 Pcs</td>
  
  
  
  </tr>
  
  
  
  <tr>
   
   
   
   <td>27</td>
   
   
   
   <td>Colour changing Butterfly </td>
   
   
   
   <td>1 Pce</td>
  
  
  
  </tr>
  
  
  
  <tr>
   
   
   
   <td>28</td>
   
   
   
   <td>Golden Whistle small </td>
   
   
   
   <td>1 Pce</td>
  
  
  
  </tr>
  
  
  
  <tr>
   
   
   
   <td>29</td>
   
   
   
   <td>Seven Shots</td>
   
   
   
   <td>1 Pce</td>
  
  
  
  </tr>
  
  
  
  <tr>
   
   
   
   <td>30</td>
   
   
   
   <td>Colour Flash (Holi Special)</td>
   
   
   
   <td>1 Pce</td>
  
  
  
  </tr>
  
  
  
  <tr>
   
   
   
   <td>31</td>
   
   
   
   <td>Mine of Serpents</td>
   
   
   
   <td>1 Pce</td>
  
  
  
  </tr>
  
  
  
  <tr>
   
   
   
   <td>32</td>
   
   
   
   <td>Shooting star </td>
   
   
   
   <td>1 Pce</td>
  
  
  
  </tr>
  
  
  
  <tr>
   
   
   
   <td>33</td>
   
   
   
   <td>Toy Bomb ( 5 Shots)</td>
   
   
   
   <td>1 Pkt</td>
  
  
  
  </tr>
  
  
  
  <tr>
   
   
   
   <td>34</td>
   
   
   
   <td>Mini Fountain &ndash; Red </td>
   
   
   
   <td>2 Pcs</td>
  
  
  
  </tr>
  
  
  
  <tr>
   
   
   
   <td>35</td>
   
   
   
   <td>Mini Fountain - Gold</td>
   
   
   
   <td>2 Pcs</td>
  
  
  
  </tr>
  
  
  
  <tr>
   
   
   
   <td>36</td>
   
   
   
   <td>Mini Fountain - Silver </td>
   
   
   
   <td>2 Pcs</td>
  
  
  
  </tr>
  
  
  
  <tr>
   
   
   
   <td>37</td>
   
   
   
   <td>Mini Fountain - Purple</td>
   
   
   
   <td>2 Pcs</td>
  
  
  
  </tr>
  
  
  
  <tr>
   
   
   
   <td>38</td>
   
   
   
   <td>Mini Fountain &ndash; Green</td>
   
   
   
   <td>2 Pcs</td>
  
  
  
  </tr>
  
  
  
  <tr>
   
   
   
   <td>39</td>
   
   
   
   <td>Disco Flash</td>
   
   
   
   <td>1 Pce</td>
  
  
  
  </tr>
  
  
  
  <tr>
   
   
   
   <td>40</td>
   
   
   
   <td>Colour Smoke Fountain</td>
   
   
   
   <td>1 Pce</td>
  
  
  
  </tr>
  
  
  
  <tr>
   
   
   
   <td>41</td>
   
   
   
   <td>Butterfly Red </td>
   
   
   
   <td>1 Pce</td>
  
  
  
  </tr>
  
  
  
  <tr>
   
   
   
   <td>42</td>
   
   
   
   <td>Butterfly Silver </td>
   
   
   
   <td>1 Pce</td>
  
  
  
  </tr>
  
  
  
  <tr>
   
   
   
   <td>43</td>
   
   
   
   <td>Butterfly Red &amp; Silver</td>
   
   
   
   <td>1 Pce</td>
  
  
  
  </tr>
 
 
 
 </tbody>



</table>"
497,"GIFT BOXES","Jubilee(38 items)soundless",700,"1 Box","/images/giftbixes/17.jpg","<table cellspacing=""0"" cellpadding=""5"" bordercolor=""#e8ce7b"" border=""1"" align=""center"" width=""600"" style=""border-collapse: collapse;"">
 
 
 
 <tbody>
  
  
  
  <tr>
   
   
   
   <td width=""51"" class=""head"">S.No </td>
   
   
   
   <td width=""395"" class=""head"">Items</td>
   
   
   
   <td width=""124"" class=""head"">Qty</td>
  
  
  
  </tr>
  
  
  
  <tr>
   
   
   
   <td>1</td>
   
   
   
   <td>Bobby Gold Sparklers &ndash; 7 cm</td>
   
   
   
   <td>10 Pcs</td>
  
  
  
  </tr>
  
  
  
  <tr>
   
   
   
   <td>2</td>
   
   
   
   <td>Bobby Crackling Sparklers -7 Cm</td>
   
   
   
   <td>10 Pcs</td>
  
  
  
  </tr>
  
  
  
  <tr>
   
   
   
   <td>3</td>
   
   
   
   <td>Chavi Gold Sparklers</td>
   
   
   
   <td>10 Pcs</td>
  
  
  
  </tr>
  
  
  
  <tr>
   
   
   
   <td>4</td>
   
   
   
   <td>4 Colour Sparklers (Mixed) </td>
   
   
   
   <td>10 Pcs</td>
  
  
  
  </tr>
  
  
  
  <tr>
   
   
   
   <td> 5</td>
   
   
   
   <td>Red &amp; Green Chakkars</td>
   
   
   
   <td>10 Pcs</td>
  
  
  
  </tr>
  
  
  
  <tr>
   
   
   
   <td>6</td>
   
   
   
   <td>Red Colour Sparklers </td>
   
   
   
   <td>10 Pcs</td>
  
  
  
  </tr>
  
  
  
  <tr>
   
   
   
   <td>7</td>
   
   
   
   <td>Green Colour Sparklers</td>
   
   
   
   <td>10 Pcs</td>
  
  
  
  </tr>
  
  
  
  <tr>
   
   
   
   <td>8</td>
   
   
   
   <td>Colour Smoke Fountain</td>
   
   
   
   <td>1 Pce</td>
  
  
  
  </tr>
  
  
  
  <tr>
   
   
   
   <td>9</td>
   
   
   
   <td>Seven Shots</td>
   
   
   
   <td>1 Pce</td>
  
  
  
  </tr>
  
  
  
  <tr>
   
   
   
   <td>10</td>
   
   
   
   <td>Disco Flash</td>
   
   
   
   <td>1 Pce</td>
  
  
  
  </tr>
  
  
  
  <tr>
   
   
   
   <td>11</td>
   
   
   
   <td>Bijili Crackers Stripped</td>
   
   
   
   <td>50 Pcs</td>
  
  
  
  </tr>
  
  
  
  <tr>
   
   
   
   <td>12</td>
   
   
   
   <td>Peacock Sure Shots &ndash; Big</td>
   
   
   
   <td>10 Pcs</td>
  
  
  
  </tr>
  
  
  
  <tr>
   
   
   
   <td>13</td>
   
   
   
   <td>Peacock Sure Shots &ndash; Mini</td>
   
   
   
   <td>10 Pcs</td>
  
  
  
  </tr>
  
  
  
  <tr>
   
   
   
   <td>14</td>
   
   
   
   <td>Assorted Cartoons</td>
   
   
   
   <td>5 Pcs</td>
  
  
  
  </tr>
  
  
  
  <tr>
   
   
   
   <td>15</td>
   
   
   
   <td>100’s Bullet Fire Crackers</td>
   
   
   
   <td>1 Saram</td>
  
  
  
  </tr>
  
  
  
  <tr>
   
   
   
   <td>16</td>
   
   
   
   <td>30’s Bullet Fire Crackers</td>
   
   
   
   <td>1 Saram</td>
  
  
  
  </tr>
  
  
  
  <tr>
   
   
   
   <td>17</td>
   
   
   
   <td>Butterfly Red </td>
   
   
   
   <td>1 Pce</td>
  
  
  
  </tr>
  
  
  
  <tr>
   
   
   
   <td>18</td>
   
   
   
   <td>Butterfly Silver </td>
   
   
   
   <td>1 Pce</td>
  
  
  
  </tr>
  
  
  
  <tr>
   
   
   
   <td>19</td>
   
   
   
   <td>Butterfly Red &amp; Silver</td>
   
   
   
   <td>1 Pce</td>
  
  
  
  </tr>
  
  
  
  <tr>
   
   
   
   <td>20</td>
   
   
   
   <td>30’s Big Bang Fire Crackers </td>
   
   
   
   <td>1 Saram</td>
  
  
  
  </tr>
  
  
  
  <tr>
   
   
   
   <td>21</td>
   
   
   
   <td>Two Sound &ndash; 9 Cm</td>
   
   
   
   <td>5 Pcs</td>
  
  
  
  </tr>
  
  
  
  <tr>
   
   
   
   <td>22</td>
   
   
   
   <td>1000/5 Sparrow &ndash; 6.5 Cm</td>
   
   
   
   <td>5 Pcs</td>
  
  
  
  </tr>
  
  
  
  <tr>
   
   
   
   <td>23</td>
   
   
   
   <td>500/5 Hitler &ndash; 10 Cm </td>
   
   
   
   <td>5 Pcs</td>
  
  
  
  </tr>
  
  
  
  <tr>
   
   
   
   <td>24</td>
   
   
   
   <td>Hydrogen Bomb Green</td>
   
   
   
   <td>5 Pcs</td>
  
  
  
  </tr>
  
  
  
  <tr>
   
   
   
   <td>25</td>
   
   
   
   <td>Rainbow Rockets</td>
   
   
   
   <td>10 Pcs</td>
  
  
  
  </tr>
  
  
  
  <tr>
   
   
   
   <td>26</td>
   
   
   
   <td>Golden Whistle Small</td>
   
   
   
   <td>1 Pce</td>
  
  
  
  </tr>
  
  
  
  <tr>
   
   
   
   <td>27</td>
   
   
   
   <td>Fire Pencils</td>
   
   
   
   <td>5 Pcs</td>
  
  
  
  </tr>
  
  
  
  <tr>
   
   
   
   <td>28</td>
   
   
   
   <td>Twinkling Star &ndash; 45 cm</td>
   
   
   
   <td>10 Pcs</td>
  
  
  
  </tr>
  
  
  
  <tr>
   
   
   
   <td>29</td>
   
   
   
   <td>Zamin Chakkars Asoka</td>
   
   
   
   <td>10 Pcs</td>
  
  
  
  </tr>
  
  
  
  <tr>
   
   
   
   <td>30</td>
   
   
   
   <td>Jet Fountains</td>
   
   
   
   <td>5 Pcs</td>
  
  
  
  </tr>
  
  
  
  <tr>
   
   
   
   <td>31</td>
   
   
   
   <td>Whizz Serpents</td>
   
   
   
   <td>2 Pcs</td>
  
  
  
  </tr>
  
  
  
  <tr>
   
   
   
   <td>32</td>
   
   
   
   <td>Signal Lights</td>
   
   
   
   <td>1 Pce</td>
  
  
  
  </tr>
  
  
  
  <tr>
   
   
   
   <td>33</td>
   
   
   
   <td>Color changing Butterfly</td>
   
   
   
   <td>1 Pce</td>
  
  
  
  </tr>
  
  
  
  <tr>
   
   
   
   <td>34</td>
   
   
   
   <td>Mini Fountain &ndash; Red</td>
   
   
   
   <td>2 Pcs</td>
  
  
  
  </tr>
  
  
  
  <tr>
   
   
   
   <td>35</td>
   
   
   
   <td>Mini Fountain - Gold</td>
   
   
   
   <td>2 Pcs</td>
  
  
  
  </tr>
  
  
  
  <tr>
   
   
   
   <td>36</td>
   
   
   
   <td>Mini Fountain - Silver </td>
   
   
   
   <td>2 Pcs</td>
  
  
  
  </tr>
  
  
  
  <tr>
   
   
   
   <td>37</td>
   
   
   
   <td>Mini Fountain - Purple</td>
   
   
   
   <td>2 Pcs</td>
  
  
  
  </tr>
  
  
  
  <tr>
   
   
   
   <td>38</td>
   
   
   
   <td>Mini Fountain &ndash; Green</td>
   
   
   
   <td>2 Pcs</td>
  
  
  
  </tr>
 
 
 
 </tbody>



</table>"
499,"GIFT BOXES","Titan(46 items)Soundless",1050,"1 Box","/images/giftbixes/20.jpg","<table cellspacing=""0"" cellpadding=""5"" bordercolor=""#e8ce7b"" border=""1"" align=""center"" width=""600"" style=""border-collapse: collapse;"">
 
 
 
 <tbody>
  
  
  
  <tr>
   
   
   
   <td width=""51"" class=""head"">S.No </td>
   
   
   
   <td width=""395"" class=""head"">Items</td>
   
   
   
   <td width=""124"" class=""head"">Qty</td>
  
  
  
  </tr>
  
  
  
  <tr>
   
   
   
   <td>1</td>
   
   
   
   <td>Bobby Gold Sparklers - 7 cm</td>
   
   
   
   <td>10 Pcs</td>
  
  
  
  </tr>
  
  
  
  <tr>
   
   
   
   <td>2</td>
   
   
   
   <td>Bobby Crackling Sparklers- 7 cm</td>
   
   
   
   <td>10 Pcs</td>
  
  
  
  </tr>
  
  
  
  <tr>
   
   
   
   <td>3</td>
   
   
   
   <td>4 Colour Sparklers</td>
   
   
   
   <td>10 Pcs</td>
  
  
  
  </tr>
  
  
  
  <tr>
   
   
   
   <td>4</td>
   
   
   
   <td>Red Colour Sparklers</td>
   
   
   
   <td>10 Pcs</td>
  
  
  
  </tr>
  
  
  
  <tr>
   
   
   
   <td> 5</td>
   
   
   
   <td>Green Colour Sparklers</td>
   
   
   
   <td>10 Pcs</td>
  
  
  
  </tr>
  
  
  
  <tr>
   
   
   
   <td>6</td>
   
   
   
   <td>Gold Sparklers- 30 cm</td>
   
   
   
   <td>5 Pcs</td>
  
  
  
  </tr>
  
  
  
  <tr>
   
   
   
   <td>7</td>
   
   
   
   <td>Crackling Sparklers- 30 cm</td>
   
   
   
   <td>5 Pcs</td>
  
  
  
  </tr>
  
  
  
  <tr>
   
   
   
   <td>8</td>
   
   
   
   <td>Fire Pencil</td>
   
   
   
   <td>5 Pcs</td>
  
  
  
  </tr>
  
  
  
  <tr>
   
   
   
   <td>9</td>
   
   
   
   <td>Twinkling Star - 45 cm</td>
   
   
   
   <td>10 Pcs</td>
  
  
  
  </tr>
  
  
  
  <tr>
   
   
   
   <td>10</td>
   
   
   
   <td>Zamin Chakkars Asoka</td>
   
   
   
   <td>10 Pcs</td>
  
  
  
  </tr>
  
  
  
  <tr>
   
   
   
   <td>11</td>
   
   
   
   <td>Red &amp; Green Chakkars</td>
   
   
   
   <td>10 Pcs</td>
  
  
  
  </tr>
  
  
  
  <tr>
   
   
   
   <td>12</td>
   
   
   
   <td>Flower Pots Big Varnish</td>
   
   
   
   <td>10 Pcs</td>
  
  
  
  </tr>
  
  
  
  <tr>
   
   
   
   <td>13</td>
   
   
   
   <td>Jet Fountains</td>
   
   
   
   <td>5 Pcs</td>
  
  
  
  </tr>
  
  
  
  <tr>
   
   
   
   <td>14</td>
   
   
   
   <td>Rainbow Rockets</td>
   
   
   
   <td>10 Pcs</td>
  
  
  
  </tr>
  
  
  
  <tr>
   
   
   
   <td>15</td>
   
   
   
   <td>Two sound -9 cm</td>
   
   
   
   <td>5 Pcs</td>
  
  
  
  </tr>
  
  
  
  <tr>
   
   
   
   <td>16</td>
   
   
   
   <td>1000/5 Sparrow- 6.5 cm</td>
   
   
   
   <td>5 Pcs</td>
  
  
  
  </tr>
  
  
  
  <tr>
   
   
   
   <td>17</td>
   
   
   
   <td>500/5 Hitler- 10 cm</td>
   
   
   
   <td>5 Pcs</td>
  
  
  
  </tr>
  
  
  
  <tr>
   
   
   
   <td>18</td>
   
   
   
   <td>30’s Bullet Fire Crackers</td>
   
   
   
   <td>1 Saram</td>
  
  
  
  </tr>
  
  
  
  <tr>
   
   
   
   <td>19</td>
   
   
   
   <td>30’s Big Bang Fire crackers</td>
   
   
   
   <td>1 Saram</td>
  
  
  
  </tr>
  
  
  
  <tr>
   
   
   
   <td>20</td>
   
   
   
   <td>Bijili Crackers Stripped</td>
   
   
   
   <td>100 Pcs</td>
  
  
  
  </tr>
  
  
  
  <tr>
   
   
   
   <td>21</td>
   
   
   
   <td>100’s Bullet Fire Crackers</td>
   
   
   
   <td>1 Saram</td>
  
  
  
  </tr>
  
  
  
  <tr>
   
   
   
   <td>22</td>
   
   
   
   <td>240/24 Red fort Asoka</td>
   
   
   
   <td>1 Saram</td>
  
  
  
  </tr>
  
  
  
  <tr>
   
   
   
   <td>23</td>
   
   
   
   <td>Golden Whistle small </td>
   
   
   
   <td>1 Pce</td>
  
  
  
  </tr>
  
  
  
  <tr>
   
   
   
   <td>24</td>
   
   
   
   <td>Signal Lights</td>
   
   
   
   <td>1 Pce</td>
  
  
  
  </tr>
  
  
  
  <tr>
   
   
   
   <td>25</td>
   
   
   
   <td>Color Smoke Fountain -1 Box</td>
   
   
   
   <td>5 Pcs</td>
  
  
  
  </tr>
  
  
  
  <tr>
   
   
   
   <td>26</td>
   
   
   
   <td>Assorted Cartoons-1 Bag</td>
   
   
   
   <td>5 Pcs</td>
  
  
  
  </tr>
  
  
  
  <tr>
   
   
   
   <td>27</td>
   
   
   
   <td>Hydrogen Bomb Green -1 Box</td>
   
   
   
   <td>5 Pcs</td>
  
  
  
  </tr>
  
  
  
  <tr>
   
   
   
   <td>28</td>
   
   
   
   <td>Color Changing Butterfly</td>
   
   
   
   <td>1 Pce</td>
  
  
  
  </tr>
  
  
  
  <tr>
   
   
   
   <td>29</td>
   
   
   
   <td>Toy Bomb (5 Shots) -1 Pkt</td>
   
   
   
   <td>1 Pce</td>
  
  
  
  </tr>
  
  
  
  <tr>
   
   
   
   <td>30</td>
   
   
   
   <td>Peacock Sure Shots &ndash; Mini-1 Pkt</td>
   
   
   
   <td>10 Pcs</td>
  
  
  
  </tr>
  
  
  
  <tr>
   
   
   
   <td>31</td>
   
   
   
   <td>Peacock Sure Shots &ndash; Big -1 Pkt</td>
   
   
   
   <td>10 Pcs</td>
  
  
  
  </tr>
  
  
  
  <tr>
   
   
   
   <td>32</td>
   
   
   
   <td>Disco Flash</td>
   
   
   
   <td>2 Pcs</td>
  
  
  
  </tr>
  
  
  
  <tr>
   
   
   
   <td>33</td>
   
   
   
   <td>Mini Fountain &ndash; Red</td>
   
   
   
   <td>2 Pcs</td>
  
  
  
  </tr>
  
  
  
  <tr>
   
   
   
   <td>34</td>
   
   
   
   <td>Mini Fountain - Gold</td>
   
   
   
   <td>2 Pcs</td>
  
  
  
  </tr>
  
  
  
  <tr>
   
   
   
   <td>35</td>
   
   
   
   <td>Mini Fountain - Silver</td>
   
   
   
   <td>2 Pcs</td>
  
  
  
  </tr>
  
  
  
  <tr>
   
   
   
   <td>36</td>
   
   
   
   <td>Mini Fountain - Purple</td>
   
   
   
   <td>2 Pcs</td>
  
  
  
  </tr>
  
  
  
  <tr>
   
   
   
   <td>37</td>
   
   
   
   <td>Mini Fountain &ndash; Green</td>
   
   
   
   <td>2 Pcs</td>
  
  
  
  </tr>
  
  
  
  <tr>
   
   
   
   <td>38</td>
   
   
   
   <td>Whizz Serpents</td>
   
   
   
   <td>2 Pcs</td>
  
  
  
  </tr>
  
  
  
  <tr>
   
   
   
   <td>39</td>
   
   
   
   <td>Colour Flash (Holi Special)</td>
   
   
   
   <td>1 Pce</td>
  
  
  
  </tr>
  
  
  
  <tr>
   
   
   
   <td>40</td>
   
   
   
   <td>Mine of Serpents</td>
   
   
   
   <td>1 Pce</td>
  
  
  
  </tr>
  
  
  
  <tr>
   
   
   
   <td>41</td>
   
   
   
   <td>Mine of Crackers</td>
   
   
   
   <td>1 Pce</td>
  
  
  
  </tr>
  
  
  
  <tr>
   
   
   
   <td>42</td>
   
   
   
   <td>Shooting Star</td>
   
   
   
   <td>1 Pce</td>
  
  
  
  </tr>
  
  
  
  <tr>
   
   
   
   <td>43</td>
   
   
   
   <td>Cheers</td>
   
   
   
   <td>1 Pce</td>
  
  
  
  </tr>
  
  
  
  <tr>
   
   
   
   <td>44</td>
   
   
   
   <td>Butterfly Red</td>
   
   
   
   <td>1 Pce</td>
  
  
  
  </tr>
  
  
  
  <tr>
   
   
   
   <td>45</td>
   
   
   
   <td>Butterfly Silver </td>
   
   
   
   <td>1 Pce</td>
  
  
  
  </tr>
  
  
  
  <tr>
   
   
   
   <td>46</td>
   
   
   
   <td>Butterfly Red &amp; Silver</td>
   
   
   
   <td>1 Pce</td>
  
  
  
  </tr>
 
 
 
 </tbody>



</table>"
,,,,,,
600,"Fancy Fire Works","Assorted cartoons (10 pcs)",36,"1 Box",,
290,"Fancy Fire Works","Super Star( Double Action)1 pce",42,"1 Box",,
305,"Fancy Fire Works","Signal lights",53,"1 Box",,
308,"Fancy Fire Works","Tug of War(10 pcs)",60,"1 Box",,
311,"Fancy Fire Works","Mine of Serpents",66,"1 Box",,
710,"Fancy Fire Works","Star Fire(1 1/4comets)1 pce",62,"1 Box",,
339,"Fancy Fire Works","Coloyr changing Butterfly(10 pcs)",92,"1 Box",,
432,"Fancy Fire Works","Roman Candles(2 pcs)",110,"1 Box",,
312,"Fancy Fire Works","Mine of Crackers (5 pcs)",115,"1 Box",,
333,"Fancy Fire Works","Seven Shots(5 pcs)",115,"1 Box",,
338,"Fancy Fire Works","Shooting Star(5 pcs)",120,"1 Box",,
111,"Fancy Fire Works","Swasthik wheels(5 pcs)",125,"1 Box",,
313,"Fancy Fire Works","Tv Towers(1 pce)",120,"1 Box",,
110,"Fancy Fire Works","Whizz wheels(5 pcs)",130,"1 Box",,
241,"Fancy Fire Works","Gold Rush(5 pcs0",140,"1 Box",,
329,"Fancy Fire Works","Meteors(5 pcs)",140,"1 Box",,
435,"Fancy Fire Works","Silver Chariots(2 pcs)",150,"1 Box",,
320,"Fancy Fire Works","Golden whistle small(10 pcs)",146,"1 Box",,
332,"Fancy Fire Works","Aerial outs(5 pcs)",146,"1 Box",,
894,"Fancy Fire Works","Festival Balls(1 pce)2 comet",140,"1 Box",,
316,"Fancy Fire Works","Rainbowthunder(12 shot)1 pce",130,"1 Box",,
364,"Fancy Fire Works","Golden drops(5 pcs)",190,"1 Box",,
436,"Fancy Fire Works","triple gun(5 pcs)",57,"1 Box",,
310,"Fancy Fire Works","3 stage satellite (10 pcs0",200,"1 Box",,
834,"Fancy Fire Works","Greetings(Double hapiness)",280,"1 Box",,
957,"Fancy Fire Works","Yellow Sower(1pc)3"" comet",280,"1 Box",,
334,"Fancy Fire Works","Musical crackers 24 shells",270,"1 Box",,
365,"Fancy Fire Works","jasmine drops(3 pcs0",280,"1 Box",,
366,"Fancy Fire Works","Golden Spider(3 pc)",320,"1 Box",,
301,"Fancy Fire Works","Night Parachute(3 pcs)",330,"1 Box",,
362,"Fancy Fire Works","4 colour Burst(3 pcs)",410,"1 Box",,
303,"Fancy Fire Works","Colour Thundet Bolts Gold(3pcs)",440,"1 Box",,
,,"Roll caps",,"1 Box",,
,,"Colour Matches special",,"1 Box",,
,,"Colour Matches Deluxe",,"1 Box",,
